"X","Year","Age_Group","Race_Ethnicity","First_Degree_History","Age_Menarche","Age_First_Birth","Breast_Density","Hormone_Replacement_Therapy","Menopause_Status","BMI_Group","Biopsy_History","Breast_Cancer_History","Count"
4664,2015,"40-44","Hispanic","No",">14","<20","Heterogeneously dense","No","Pre- or Peri-menopausal","25-29.99","Yes","No",1
3319,2017,">85","Non-Hispanic White","Yes","12-13",">30","Almost entirely fat","No","Post-menopausal","10-24.99","No","No",1
4431,2014,"55-59","Hispanic","No","<12","20-24","Scattered fibroglandular densities","No","Surgical Menopause","10-24.99","No","No",2
4947,2015,"50-54","Hispanic","No",">14",">30","Scattered fibroglandular densities","No","Post-menopausal","30-34.99","No","No",2
4292,2017,"55-59","Hispanic","No",">14","20-24","Heterogeneously dense","No","Pre- or Peri-menopausal","25-29.99","Yes","Yes",1
952,2015,"50-54","Non-Hispanic Black","Yes","12-13","25-29","Scattered fibroglandular densities","No","Post-menopausal","25-29.99","No","No",1
4290,2013,"60-64","Asian/Pacific Islander","No","12-13","20-24","Heterogeneously dense","No","Post-menopausal","10-24.99","Yes","No",8
674,2014,"55-59","Hispanic","No","12-13","<20","Scattered fibroglandular densities","No","Surgical Menopause","10-24.99","Yes","No",1
2520,2014,"40-44","Non-Hispanic White","No","<12","25-29","Heterogeneously dense","No","Post-menopausal","30-34.99","No","No",1
2940,2016,"55-59","Non-Hispanic White","No","12-13",">30","Heterogeneously dense","Yes","Post-menopausal","10-24.99","Yes","No",16
608,2014,"60-64","Non-Hispanic White","No",">14","25-29","Almost entirely fat","No","Post-menopausal","30-34.99","No","No",10
478,2016,"45-49","Non-Hispanic White","No",">14",">30","Heterogeneously dense","No","Surgical Menopause","10-24.99","No","No",9
4348,2014,"60-64","Non-Hispanic Black","No","<12","25-29","Heterogeneously dense","No","Post-menopausal","30-34.99","No","No",2
1046,2016,"60-64","Non-Hispanic White","Yes",">14",">30","Heterogeneously dense","No","Post-menopausal","30-34.99","Yes","Yes",1
481,2016,"60-64","Non-Hispanic Black","No",">14","20-24","Almost entirely fat","No","Post-menopausal","10-24.99","No","No",1
91,2017,"45-49","Non-Hispanic Black","Yes","<12","25-29","Heterogeneously dense","No","Surgical Menopause","30-34.99","No","No",2
4796,2016,"30-34","Non-Hispanic White","Yes",">14","20-24","Scattered fibroglandular densities","No","Pre- or Peri-menopausal","10-24.99","No","No",1
4519,2014,"45-49","Non-Hispanic White","Yes",">14","Nulliparous","Heterogeneously dense","No","Surgical Menopause","25-29.99","Yes","Yes",1
3293,2016,"65-69","Non-Hispanic Black","No","12-13","Nulliparous","Scattered fibroglandular densities","No","Post-menopausal","35+","Yes","Yes",3
3499,2015,"55-59","Asian/Pacific Islander","Yes",">14","Nulliparous","Heterogeneously dense","No","Post-menopausal","10-24.99","No","No",2
3140,2015,"70-74","Hispanic","No","12-13","20-24","Scattered fibroglandular densities","No","Post-menopausal","25-29.99","Yes","No",5
829,2016,"45-49","Non-Hispanic Black","No",">14","25-29","Almost entirely fat","No","Pre- or Peri-menopausal","30-34.99","No","No",1
399,2014,"65-69","Non-Hispanic White","Yes","<12","<20","Scattered fibroglandular densities","No","Post-menopausal","30-34.99","No","No",4
2569,2016,"35-39","Non-Hispanic White","Yes","<12","25-29","Scattered fibroglandular densities","No","Pre- or Peri-menopausal","10-24.99","No","No",1
3129,2015,"80-84","Non-Hispanic White","Yes",">14","25-29","Scattered fibroglandular densities","No","Post-menopausal","25-29.99","Yes","No",2
3180,2015,"45-49","Non-Hispanic White","No","<12","25-29","Heterogeneously dense","No","Surgical Menopause","25-29.99","Yes","No",2
1322,2015,"45-49","Hispanic","No",">14","20-24","Heterogeneously dense","No","Surgical Menopause","30-34.99","No","No",5
4762,2016,">85","Non-Hispanic Black","Yes","12-13","25-29","Heterogeneously dense","No","Post-menopausal","10-24.99","Yes","Yes",1
3600,2016,"70-74","Non-Hispanic Black","Yes","12-13",">30","Scattered fibroglandular densities","No","Post-menopausal","25-29.99","Yes","No",2
4535,2013,"65-69","Asian/Pacific Islander","Yes","12-13","Nulliparous","Scattered fibroglandular densities","No","Post-menopausal","10-24.99","Yes","No",1
62,2013,"60-64","Non-Hispanic Black","Yes","12-13","<20","Almost entirely fat","No","Post-menopausal","30-34.99","Yes","Yes",1
2713,2014,">85","Asian/Pacific Islander","No","<12","20-24","Extremely dense","No","Post-menopausal","10-24.99","Yes","No",1
4212,2015,"60-64","Non-Hispanic White","Yes",">14",">30","Scattered fibroglandular densities","No","Post-menopausal","35+","No","No",6
3375,2014,"60-64","Non-Hispanic Black","Yes",">14","<20","Scattered fibroglandular densities","Yes","Post-menopausal","25-29.99","No","No",1
3093,2016,"50-54","Other/Mixed","No","12-13","25-29","Scattered fibroglandular densities","No","Pre- or Peri-menopausal","30-34.99","No","No",1
601,2016,"50-54","Non-Hispanic White","Yes","12-13","25-29","Heterogeneously dense","No","Pre- or Peri-menopausal","30-34.99","Yes","No",4
437,2016,"45-49","Non-Hispanic Black","No",">14","<20","Heterogeneously dense","No","Surgical Menopause","35+","No","No",3
3190,2014,"55-59","Non-Hispanic White","Yes",">14",">30","Extremely dense","No","Pre- or Peri-menopausal","10-24.99","Yes","Yes",1
2386,2016,"65-69","Non-Hispanic White","No",">14",">30","Heterogeneously dense","No","Post-menopausal","25-29.99","No","No",25
2333,2015,"70-74","Non-Hispanic White","No","<12","25-29","Scattered fibroglandular densities","No","Post-menopausal","10-24.99","Yes","Yes",3
769,2015,"55-59","Non-Hispanic White","No","<12",">30","Heterogeneously dense","No","Pre- or Peri-menopausal","30-34.99","No","No",3
1595,2016,"45-49","Non-Hispanic White","No","12-13",">30","Extremely dense","No","Surgical Menopause","10-24.99","No","No",5
1460,2014,"35-39","Non-Hispanic Black","Yes","<12","25-29","Scattered fibroglandular densities","No","Pre- or Peri-menopausal","25-29.99","Yes","No",1
1603,2017,"50-54","Non-Hispanic White","Yes",">14","Nulliparous","Heterogeneously dense","No","Pre- or Peri-menopausal","30-34.99","No","No",2
229,2017,"80-84","Non-Hispanic Black","No","<12",">30","Scattered fibroglandular densities","No","Post-menopausal","30-34.99","Yes","No",1
2992,2016,"75-79","Non-Hispanic White","No","<12","25-29","Extremely dense","No","Post-menopausal","35+","Yes","Yes",1
3757,2016,"50-54","Non-Hispanic White","No","12-13","20-24","Heterogeneously dense","No","Pre- or Peri-menopausal","30-34.99","Yes","No",2
2528,2017,"55-59","Non-Hispanic White","Yes",">14","Nulliparous","Extremely dense","No","Post-menopausal","25-29.99","Yes","No",1
2447,2016,"75-79","Non-Hispanic Black","No","12-13","25-29","Scattered fibroglandular densities","No","Post-menopausal","35+","No","No",6
2921,2017,"50-54","Asian/Pacific Islander","No","12-13",">30","Heterogeneously dense","No","Surgical Menopause","10-24.99","No","No",6
1602,2013,"75-79","Non-Hispanic Black","No",">14","<20","Scattered fibroglandular densities","No","Post-menopausal","10-24.99","Yes","Yes",1
4669,2016,"70-74","Non-Hispanic White","Yes","<12","<20","Almost entirely fat","No","Post-menopausal","35+","No","No",2
657,2016,"75-79","Non-Hispanic Black","No","12-13","25-29","Scattered fibroglandular densities","No","Post-menopausal","10-24.99","No","No",3
996,2015,"45-49","Non-Hispanic Black","No",">14","25-29","Extremely dense","No","Surgical Menopause","10-24.99","No","No",1
2465,2014,"45-49","Non-Hispanic Black","No","12-13",">30","Extremely dense","No","Pre- or Peri-menopausal","30-34.99","Yes","Yes",1
468,2016,"60-64","Other/Mixed","No","12-13","Nulliparous","Scattered fibroglandular densities","No","Post-menopausal","30-34.99","No","No",1
3769,2015,">85","Non-Hispanic White","No","12-13","25-29","Heterogeneously dense","No","Post-menopausal","25-29.99","No","No",9
2815,2017,"65-69","Hispanic","No","<12","20-24","Scattered fibroglandular densities","No","Post-menopausal","30-34.99","No","No",9
1001,2014,"50-54","Non-Hispanic White","Yes","12-13",">30","Scattered fibroglandular densities","No","Pre- or Peri-menopausal","30-34.99","Yes","No",1
3838,2015,"55-59","Non-Hispanic White","No",">14","Nulliparous","Almost entirely fat","No","Surgical Menopause","10-24.99","No","No",1
4881,2016,"55-59","Asian/Pacific Islander","No",">14","25-29","Scattered fibroglandular densities","No","Surgical Menopause","25-29.99","Yes","No",2
2821,2013,"70-74","Non-Hispanic Black","No",">14",">30","Heterogeneously dense","No","Post-menopausal","10-24.99","No","No",2
421,2017,"55-59","Hispanic","No","12-13","<20","Heterogeneously dense","No","Post-menopausal","35+","Yes","No",1
1471,2015,"70-74","Non-Hispanic White","No","<12","25-29","Almost entirely fat","Yes","Post-menopausal","10-24.99","No","No",1
779,2016,"35-39","Non-Hispanic White","Yes",">14","25-29","Heterogeneously dense","No","Pre- or Peri-menopausal","10-24.99","Yes","No",3
2435,2014,"75-79","Non-Hispanic White","No","<12","25-29","Scattered fibroglandular densities","No","Post-menopausal","10-24.99","Yes","Yes",2
1458,2016,"60-64","Native American","No","12-13",">30","Almost entirely fat","No","Post-menopausal","30-34.99","No","No",1
2534,2015,"45-49","Asian/Pacific Islander","No","12-13","20-24","Heterogeneously dense","No","Pre- or Peri-menopausal","25-29.99","No","No",12
2178,2016,"75-79","Non-Hispanic White","Yes",">14","<20","Scattered fibroglandular densities","No","Post-menopausal","25-29.99","No","No",2
4024,2014,"60-64","Non-Hispanic White","No","<12","20-24","Heterogeneously dense","No","Post-menopausal","10-24.99","No","Yes",1
386,2016,"60-64","Non-Hispanic White","No",">14","Nulliparous","Heterogeneously dense","No","Post-menopausal","10-24.99","Yes","No",25
3372,2017,"35-39","Non-Hispanic White","No",">14","25-29","Scattered fibroglandular densities","No","Pre- or Peri-menopausal","10-24.99","No","No",3
4450,2017,"50-54","Hispanic","No","12-13","<20","Scattered fibroglandular densities","No","Post-menopausal","30-34.99","Yes","No",1
1928,2017,"45-49","Non-Hispanic Black","No","12-13","20-24","Scattered fibroglandular densities","No","Pre- or Peri-menopausal","35+","Yes","No",2
3172,2016,"60-64","Hispanic","No","<12",">30","Heterogeneously dense","Yes","Post-menopausal","10-24.99","No","No",1
1063,2017,"35-39","Non-Hispanic White","Yes","12-13","Nulliparous","Almost entirely fat","No","Pre- or Peri-menopausal","35+","No","No",2
3045,2014,"60-64","Non-Hispanic Black","No",">14","20-24","Almost entirely fat","No","Post-menopausal","10-24.99","No","No",1
4003,2017,"55-59","Hispanic","No",">14","Nulliparous","Heterogeneously dense","No","Post-menopausal","10-24.99","No","No",1
4948,2014,"50-54","Non-Hispanic White","No",">14",">30","Extremely dense","No","Surgical Menopause","25-29.99","No","No",1
2444,2015,"70-74","Non-Hispanic White","No",">14",">30","Scattered fibroglandular densities","No","Post-menopausal","30-34.99","Yes","Yes",1
4270,2016,"40-44","Non-Hispanic Black","Yes","<12","Nulliparous","Heterogeneously dense","No","Pre- or Peri-menopausal","10-24.99","No","No",1
2446,2015,"55-59","Non-Hispanic White","Yes","12-13",">30","Scattered fibroglandular densities","No","Post-menopausal","30-34.99","Yes","No",3
641,2016,"60-64","Asian/Pacific Islander","No",">14","Nulliparous","Scattered fibroglandular densities","No","Post-menopausal","25-29.99","No","No",6
2419,2017,"65-69","Non-Hispanic White","No","<12","Nulliparous","Almost entirely fat","No","Post-menopausal","35+","Yes","No",3
232,2015,"55-59","Non-Hispanic White","No","12-13","25-29","Heterogeneously dense","No","Surgical Menopause","30-34.99","Yes","No",1
2572,2016,"40-44","Non-Hispanic White","No","<12","Nulliparous","Heterogeneously dense","No","Surgical Menopause","10-24.99","No","No",2
3637,2016,"50-54","Non-Hispanic Black","Yes","12-13","<20","Scattered fibroglandular densities","No","Surgical Menopause","35+","No","No",3
208,2016,"55-59","Hispanic","No","12-13","<20","Heterogeneously dense","No","Surgical Menopause","30-34.99","Yes","Yes",1
3011,2017,"60-64","Non-Hispanic Black","No",">14",">30","Scattered fibroglandular densities","No","Post-menopausal","35+","No","No",8
4264,2014,"45-49","Non-Hispanic White","No",">14",">30","Heterogeneously dense","No","Pre- or Peri-menopausal","30-34.99","No","No",20
2340,2017,"50-54","Non-Hispanic White","Yes",">14","20-24","Heterogeneously dense","No","Post-menopausal","30-34.99","No","No",1
116,2016,"70-74","Hispanic","Yes","12-13","20-24","Scattered fibroglandular densities","No","Post-menopausal","30-34.99","No","No",3
273,2015,"65-69","Other/Mixed","No","12-13","20-24","Heterogeneously dense","No","Post-menopausal","10-24.99","No","No",1
1265,2016,"80-84","Non-Hispanic Black","No","12-13","25-29","Heterogeneously dense","No","Post-menopausal","10-24.99","Yes","Yes",1
3846,2016,"55-59","Non-Hispanic White","No","12-13","20-24","Scattered fibroglandular densities","No","Surgical Menopause","30-34.99","Yes","No",5
2262,2015,"50-54","Non-Hispanic White","Yes","<12","<20","Scattered fibroglandular densities","No","Post-menopausal","35+","No","No",2
82,2014,"75-79","Non-Hispanic White","No","12-13","20-24","Almost entirely fat","No","Post-menopausal","35+","No","Yes",2
1567,2017,"65-69","Other/Mixed","No","12-13","25-29","Scattered fibroglandular densities","No","Post-menopausal","10-24.99","Yes","No",1
2334,2017,"50-54","Non-Hispanic White","No","12-13","Nulliparous","Scattered fibroglandular densities","No","Surgical Menopause","25-29.99","Yes","No",5
1714,2016,"70-74","Asian/Pacific Islander","No",">14",">30","Heterogeneously dense","No","Post-menopausal","25-29.99","No","No",1
4764,2017,"45-49","Non-Hispanic White","Yes","12-13","Nulliparous","Heterogeneously dense","No","Post-menopausal","10-24.99","Yes","No",1
2336,2016,"35-39","Non-Hispanic Black","No","12-13","<20","Heterogeneously dense","No","Pre- or Peri-menopausal","30-34.99","No","No",3
4409,2016,"75-79","Hispanic","No",">14","20-24","Scattered fibroglandular densities","No","Post-menopausal","35+","No","No",1
3044,2017,"50-54","Non-Hispanic White","Yes","12-13","Nulliparous","Almost entirely fat","No","Pre- or Peri-menopausal","30-34.99","No","No",1
712,2017,"55-59","Non-Hispanic Black","Yes","12-13","20-24","Heterogeneously dense","No","Pre- or Peri-menopausal","25-29.99","No","No",2
2429,2016,"60-64","Non-Hispanic White","No","12-13","Nulliparous","Heterogeneously dense","No","Post-menopausal","25-29.99","No","No",83
604,2017,"40-44","Non-Hispanic White","No","12-13","25-29","Heterogeneously dense","No","Pre- or Peri-menopausal","25-29.99","Yes","Yes",1
259,2013,"60-64","Other/Mixed","Yes","12-13",">30","Heterogeneously dense","No","Post-menopausal","10-24.99","No","No",1
415,2016,"55-59","Non-Hispanic Black","No","12-13","20-24","Heterogeneously dense","No","Post-menopausal","10-24.99","Yes","No",2
2624,2017,"40-44","Asian/Pacific Islander","No","12-13",">30","Heterogeneously dense","No","Surgical Menopause","25-29.99","No","No",1
4649,2015,"40-44","Non-Hispanic Black","No","12-13",">30","Scattered fibroglandular densities","No","Post-menopausal","25-29.99","No","No",1
3112,2014,"75-79","Non-Hispanic Black","Yes","<12","<20","Scattered fibroglandular densities","No","Post-menopausal","10-24.99","Yes","Yes",1
2658,2015,"45-49","Asian/Pacific Islander","No",">14","20-24","Heterogeneously dense","No","Pre- or Peri-menopausal","30-34.99","Yes","No",1
660,2014,"35-39","Non-Hispanic Black","No","<12","25-29","Scattered fibroglandular densities","No","Pre- or Peri-menopausal","30-34.99","No","No",1
1720,2016,"75-79","Non-Hispanic White","No","12-13","<20","Scattered fibroglandular densities","No","Post-menopausal","25-29.99","No","No",45
3826,2016,"50-54","Non-Hispanic Black","No","<12","20-24","Heterogeneously dense","No","Surgical Menopause","25-29.99","No","No",4
106,2014,"60-64","Non-Hispanic White","No",">14","20-24","Heterogeneously dense","No","Post-menopausal","10-24.99","No","Yes",1
1439,2013,"75-79","Hispanic","No",">14","Nulliparous","Scattered fibroglandular densities","No","Post-menopausal","10-24.99","Yes","No",1
380,2015,"45-49","Non-Hispanic White","Yes","12-13","20-24","Heterogeneously dense","No","Pre- or Peri-menopausal","35+","No","No",5
2831,2016,"70-74","Non-Hispanic White","No",">14","<20","Almost entirely fat","No","Post-menopausal","25-29.99","Yes","No",2
853,2014,"50-54","Hispanic","No",">14","20-24","Scattered fibroglandular densities","No","Pre- or Peri-menopausal","10-24.99","No","No",4
201,2014,">85","Non-Hispanic White","Yes",">14","20-24","Heterogeneously dense","No","Post-menopausal","10-24.99","No","Yes",1
3303,2016,"55-59","Non-Hispanic White","No","<12","Nulliparous","Heterogeneously dense","No","Pre- or Peri-menopausal","10-24.99","Yes","Yes",2
672,2014,"45-49","Non-Hispanic White","Yes","12-13","20-24","Heterogeneously dense","No","Post-menopausal","25-29.99","Yes","No",1
3518,2014,"75-79","Non-Hispanic Black","No",">14","20-24","Scattered fibroglandular densities","No","Post-menopausal","25-29.99","No","No",28
862,2013,"55-59","Hispanic","No","12-13","<20","Scattered fibroglandular densities","No","Surgical Menopause","25-29.99","No","Yes",1
3577,2016,"55-59","Non-Hispanic White","No","12-13","25-29","Almost entirely fat","No","Pre- or Peri-menopausal","35+","No","No",2
1894,2014,"75-79","Non-Hispanic White","Yes","<12","Nulliparous","Extremely dense","No","Post-menopausal","10-24.99","No","No",1
507,2015,"60-64","Hispanic","No",">14","25-29","Extremely dense","No","Post-menopausal","25-29.99","Yes","Yes",1
4617,2014,"80-84","Non-Hispanic Black","Yes",">14","20-24","Heterogeneously dense","No","Post-menopausal","10-24.99","Yes","Yes",1
3306,2014,"55-59","Non-Hispanic White","No","<12",">30","Heterogeneously dense","No","Surgical Menopause","30-34.99","No","No",2
4444,2016,"70-74","Asian/Pacific Islander","No",">14","20-24","Scattered fibroglandular densities","No","Post-menopausal","10-24.99","Yes","Yes",3
2021,2014,"45-49","Non-Hispanic Black","No","12-13","25-29","Scattered fibroglandular densities","No","Surgical Menopause","30-34.99","No","No",6
1881,2016,"80-84","Non-Hispanic White","Yes","12-13","20-24","Extremely dense","No","Post-menopausal","25-29.99","Yes","Yes",1
4275,2017,"45-49","Non-Hispanic Black","Yes",">14",">30","Scattered fibroglandular densities","No","Pre- or Peri-menopausal","35+","No","No",2
1986,2015,"50-54","Hispanic","No",">14","20-24","Scattered fibroglandular densities","No","Surgical Menopause","10-24.99","No","No",2
3504,2013,"65-69","Non-Hispanic White","No",">14",">30","Almost entirely fat","No","Post-menopausal","35+","No","No",1
4058,2014,"65-69","Non-Hispanic Black","Yes",">14","<20","Heterogeneously dense","No","Post-menopausal","30-34.99","No","No",1
1468,2015,">85","Non-Hispanic White","No","12-13","25-29","Scattered fibroglandular densities","Yes","Post-menopausal","30-34.99","No","No",1
3326,2014,"50-54","Non-Hispanic White","Yes","<12","Nulliparous","Scattered fibroglandular densities","No","Post-menopausal","35+","Yes","Yes",1
2636,2017,"55-59","Hispanic","Yes","12-13","20-24","Scattered fibroglandular densities","No","Pre- or Peri-menopausal","25-29.99","No","No",1
3175,2016,"70-74","Hispanic","No",">14","25-29","Almost entirely fat","No","Post-menopausal","35+","No","No",2
4224,2015,"80-84","Non-Hispanic Black","No","<12","<20","Heterogeneously dense","No","Post-menopausal","25-29.99","No","No",2
1055,2014,"75-79","Non-Hispanic White","No","12-13","25-29","Almost entirely fat","No","Post-menopausal","25-29.99","No","Yes",2
1338,2016,"45-49","Non-Hispanic White","No","<12","<20","Heterogeneously dense","No","Pre- or Peri-menopausal","25-29.99","Yes","No",1
1012,2016,"70-74","Non-Hispanic White","No","<12","25-29","Scattered fibroglandular densities","No","Post-menopausal","30-34.99","No","Yes",1
2767,2015,"50-54","Non-Hispanic Black","No","12-13","<20","Scattered fibroglandular densities","Yes","Post-menopausal","10-24.99","No","No",1
2593,2016,"40-44","Non-Hispanic White","Yes","<12",">30","Heterogeneously dense","No","Pre- or Peri-menopausal","10-24.99","Yes","No",5
3854,2016,"40-44","Other/Mixed","No","<12","<20","Heterogeneously dense","No","Pre- or Peri-menopausal","35+","No","No",1
2531,2016,"45-49","Non-Hispanic Black","No","<12","<20","Extremely dense","No","Pre- or Peri-menopausal","25-29.99","Yes","No",1
2780,2016,"60-64","Non-Hispanic White","No","<12","25-29","Almost entirely fat","No","Post-menopausal","30-34.99","Yes","Yes",1
2283,2013,"75-79","Non-Hispanic White","No",">14","<20","Scattered fibroglandular densities","No","Post-menopausal","10-24.99","Yes","Yes",1
294,2017,"45-49","Non-Hispanic Black","No","12-13","Nulliparous","Almost entirely fat","No","Pre- or Peri-menopausal","35+","Yes","No",2
3462,2013,"70-74","Non-Hispanic White","No","12-13","<20","Almost entirely fat","No","Post-menopausal","25-29.99","Yes","No",3
2790,2017,"35-39","Non-Hispanic White","No","12-13","<20","Extremely dense","No","Pre- or Peri-menopausal","30-34.99","No","Yes",1
4443,2015,"60-64","Asian/Pacific Islander","Yes",">14","<20","Extremely dense","No","Post-menopausal","10-24.99","No","No",1
1517,2014,"65-69","Asian/Pacific Islander","No","<12","25-29","Almost entirely fat","No","Post-menopausal","10-24.99","No","No",1
1766,2013,"60-64","Non-Hispanic White","No","12-13",">30","Almost entirely fat","Yes","Post-menopausal","30-34.99","No","No",1
1570,2016,"50-54","Non-Hispanic White","No","12-13",">30","Scattered fibroglandular densities","No","Surgical Menopause","35+","No","No",19
1885,2016,"50-54","Non-Hispanic White","No","<12","<20","Scattered fibroglandular densities","No","Post-menopausal","10-24.99","No","No",2
3166,2016,"45-49","Non-Hispanic White","No","<12","25-29","Heterogeneously dense","No","Pre- or Peri-menopausal","10-24.99","Yes","Yes",4
2937,2014,"50-54","Non-Hispanic Black","No",">14","20-24","Heterogeneously dense","No","Surgical Menopause","30-34.99","Yes","No",1
315,2015,"70-74","Non-Hispanic Black","No","12-13","25-29","Heterogeneously dense","No","Post-menopausal","30-34.99","Yes","Yes",1
1848,2015,">85","Non-Hispanic Black","No","12-13","<20","Almost entirely fat","No","Post-menopausal","25-29.99","No","No",1
4545,2014,"30-34","Non-Hispanic White","No","12-13","25-29","Extremely dense","No","Pre- or Peri-menopausal","25-29.99","Yes","No",1
4650,2015,"30-34","Non-Hispanic Black","No",">14","25-29","Extremely dense","No","Pre- or Peri-menopausal","25-29.99","Yes","Yes",1
107,2016,"45-49","Non-Hispanic White","No","<12","20-24","Extremely dense","No","Post-menopausal","25-29.99","No","No",1
3103,2013,"60-64","Other/Mixed","No","12-13","<20","Almost entirely fat","No","Post-menopausal","30-34.99","No","No",1
3114,2017,"45-49","Hispanic","No","12-13","<20","Heterogeneously dense","No","Post-menopausal","25-29.99","No","No",2
1363,2017,"65-69","Non-Hispanic White","No","12-13",">30","Almost entirely fat","No","Post-menopausal","30-34.99","No","No",12
3000,2016,"55-59","Hispanic","No",">14","<20","Heterogeneously dense","No","Post-menopausal","35+","Yes","No",2
2868,2015,"50-54","Other/Mixed","No","12-13","<20","Almost entirely fat","No","Surgical Menopause","30-34.99","No","No",1
1655,2014,"70-74","Hispanic","No",">14",">30","Almost entirely fat","No","Post-menopausal","25-29.99","No","No",2
1586,2017,"75-79","Non-Hispanic White","Yes",">14","<20","Scattered fibroglandular densities","No","Post-menopausal","25-29.99","No","No",3
782,2013,"55-59","Hispanic","No","<12","25-29","Heterogeneously dense","No","Surgical Menopause","10-24.99","Yes","No",1
4606,2017,"55-59","Asian/Pacific Islander","No","<12",">30","Heterogeneously dense","No","Pre- or Peri-menopausal","10-24.99","Yes","Yes",1
4367,2013,"55-59","Non-Hispanic Black","Yes",">14","25-29","Heterogeneously dense","No","Surgical Menopause","25-29.99","Yes","No",1
3683,2016,"65-69","Non-Hispanic Black","No","12-13","25-29","Almost entirely fat","No","Post-menopausal","25-29.99","No","No",3
1270,2015,"18-29","Native American","Yes","12-13","Nulliparous","Heterogeneously dense","No","Pre- or Peri-menopausal","30-34.99","No","No",1
1630,2017,"55-59","Non-Hispanic White","No","<12","25-29","Scattered fibroglandular densities","No","Surgical Menopause","10-24.99","No","Yes",1
435,2017,"45-49","Non-Hispanic White","Yes","12-13","25-29","Extremely dense","No","Pre- or Peri-menopausal","25-29.99","Yes","No",1
1150,2015,"70-74","Asian/Pacific Islander","No","12-13","20-24","Heterogeneously dense","No","Post-menopausal","30-34.99","Yes","Yes",1
1331,2013,"55-59","Non-Hispanic White","Yes",">14","20-24","Scattered fibroglandular densities","No","Post-menopausal","25-29.99","No","No",9
3980,2014,"50-54","Non-Hispanic White","No","12-13",">30","Heterogeneously dense","No","Pre- or Peri-menopausal","25-29.99","No","No",107
95,2014,"40-44","Asian/Pacific Islander","No","<12",">30","Heterogeneously dense","No","Surgical Menopause","30-34.99","No","No",1
1610,2015,"60-64","Non-Hispanic White","Yes","<12","20-24","Scattered fibroglandular densities","No","Post-menopausal","10-24.99","Yes","No",3
4327,2013,"55-59","Hispanic","No","12-13","<20","Heterogeneously dense","No","Pre- or Peri-menopausal","35+","No","No",1
3946,2015,"35-39","Asian/Pacific Islander","No","12-13","Nulliparous","Heterogeneously dense","No","Pre- or Peri-menopausal","30-34.99","No","No",1
4331,2016,"60-64","Other/Mixed","No","12-13","Nulliparous","Scattered fibroglandular densities","No","Post-menopausal","10-24.99","Yes","No",1
2319,2016,"60-64","Asian/Pacific Islander","No",">14","20-24","Scattered fibroglandular densities","No","Post-menopausal","25-29.99","No","No",52
2513,2014,"80-84","Non-Hispanic Black","No","<12","Nulliparous","Scattered fibroglandular densities","No","Post-menopausal","25-29.99","Yes","Yes",1
4095,2016,"40-44","Non-Hispanic White","No","12-13","Nulliparous","Almost entirely fat","No","Post-menopausal","35+","No","No",1
3396,2014,"18-29","Asian/Pacific Islander","No","12-13","Nulliparous","Extremely dense","No","Pre- or Peri-menopausal","35+","No","No",1
491,2017,"75-79","Non-Hispanic White","No","12-13",">30","Heterogeneously dense","Yes","Post-menopausal","10-24.99","No","No",2
4100,2014,">85","Asian/Pacific Islander","No",">14","20-24","Heterogeneously dense","No","Post-menopausal","10-24.99","No","No",4
1850,2017,"45-49","Asian/Pacific Islander","No",">14","25-29","Scattered fibroglandular densities","No","Post-menopausal","10-24.99","No","No",1
1889,2013,"75-79","Non-Hispanic White","No",">14","25-29","Heterogeneously dense","No","Post-menopausal","10-24.99","Yes","Yes",4
844,2017,"70-74","Non-Hispanic Black","No","12-13","<20","Scattered fibroglandular densities","No","Post-menopausal","30-34.99","No","Yes",1
4047,2015,">85","Non-Hispanic White","No",">14","20-24","Scattered fibroglandular densities","No","Post-menopausal","30-34.99","No","No",2
2691,2016,"80-84","Non-Hispanic White","No",">14","Nulliparous","Scattered fibroglandular densities","No","Post-menopausal","10-24.99","Yes","Yes",1
2174,2013,"55-59","Non-Hispanic White","Yes",">14","20-24","Extremely dense","No","Pre- or Peri-menopausal","25-29.99","No","Yes",1
3452,2015,"60-64","Hispanic","No","12-13","<20","Scattered fibroglandular densities","No","Post-menopausal","10-24.99","Yes","Yes",2
1936,2013,"60-64","Non-Hispanic White","No","12-13",">30","Almost entirely fat","No","Post-menopausal","10-24.99","No","Yes",2
395,2016,"70-74","Hispanic","No","12-13","20-24","Scattered fibroglandular densities","No","Post-menopausal","25-29.99","Yes","Yes",3
1069,2017,"65-69","Non-Hispanic White","No",">14","Nulliparous","Heterogeneously dense","No","Post-menopausal","10-24.99","No","No",61
1102,2014,"75-79","Non-Hispanic Black","No","12-13","20-24","Almost entirely fat","No","Post-menopausal","30-34.99","No","No",4
1464,2017,"65-69","Non-Hispanic Black","Yes","<12","25-29","Scattered fibroglandular densities","No","Post-menopausal","30-34.99","No","No",6
313,2014,"70-74","Non-Hispanic White","No",">14",">30","Scattered fibroglandular densities","No","Post-menopausal","30-34.99","No","Yes",1
4440,2014,"45-49","Non-Hispanic White","No",">14","<20","Heterogeneously dense","No","Pre- or Peri-menopausal","30-34.99","Yes","No",2
4905,2015,"50-54","Non-Hispanic Black","No",">14",">30","Almost entirely fat","No","Post-menopausal","30-34.99","No","No",2
3636,2013,"65-69","Asian/Pacific Islander","Yes","12-13","Nulliparous","Extremely dense","No","Post-menopausal","30-34.99","No","No",1
658,2013,"65-69","Non-Hispanic White","Yes","<12","Nulliparous","Scattered fibroglandular densities","Yes","Post-menopausal","25-29.99","No","No",2
3460,2016,"65-69","Non-Hispanic White","No",">14","<20","Almost entirely fat","No","Post-menopausal","30-34.99","No","No",5
3489,2015,"50-54","Non-Hispanic White","No","12-13",">30","Extremely dense","No","Surgical Menopause","35+","Yes","No",1
3671,2015,"35-39","Other/Mixed","No","12-13",">30","Heterogeneously dense","No","Pre- or Peri-menopausal","10-24.99","No","No",1
3970,2017,"40-44","Hispanic","No","12-13","25-29","Scattered fibroglandular densities","No","Pre- or Peri-menopausal","25-29.99","No","No",17
3351,2016,"45-49","Non-Hispanic Black","No","12-13","Nulliparous","Extremely dense","No","Pre- or Peri-menopausal","30-34.99","Yes","No",1
177,2015,"70-74","Non-Hispanic Black","Yes","12-13","20-24","Almost entirely fat","No","Post-menopausal","25-29.99","No","No",3
3421,2013,"65-69","Non-Hispanic White","No","12-13","20-24","Heterogeneously dense","No","Post-menopausal","10-24.99","Yes","No",42
3786,2014,"60-64","Hispanic","Yes",">14","<20","Heterogeneously dense","No","Post-menopausal","10-24.99","No","No",1
818,2014,"55-59","Asian/Pacific Islander","Yes","12-13",">30","Scattered fibroglandular densities","No","Post-menopausal","10-24.99","No","No",1
3737,2016,"55-59","Non-Hispanic White","No",">14",">30","Scattered fibroglandular densities","No","Surgical Menopause","30-34.99","No","No",7
4631,2016,"45-49","Hispanic","No","12-13","<20","Extremely dense","No","Pre- or Peri-menopausal","25-29.99","Yes","Yes",1
4027,2017,"65-69","Non-Hispanic White","No",">14","20-24","Scattered fibroglandular densities","No","Post-menopausal","35+","No","Yes",4
2627,2014,"75-79","Non-Hispanic White","Yes",">14","20-24","Scattered fibroglandular densities","No","Post-menopausal","35+","Yes","No",1
2588,2016,"70-74","Non-Hispanic White","Yes",">14","25-29","Scattered fibroglandular densities","No","Post-menopausal","10-24.99","Yes","No",5
4453,2016,"60-64","Non-Hispanic White","No","<12","Nulliparous","Heterogeneously dense","No","Post-menopausal","30-34.99","No","No",7
1872,2015,"65-69","Asian/Pacific Islander","No","12-13","Nulliparous","Almost entirely fat","No","Post-menopausal","35+","No","No",1
3272,2017,"35-39","Non-Hispanic Black","Yes","12-13","<20","Scattered fibroglandular densities","No","Pre- or Peri-menopausal","30-34.99","Yes","No",1
649,2016,"60-64","Non-Hispanic Black","No","<12",">30","Scattered fibroglandular densities","No","Post-menopausal","35+","Yes","No",3
3485,2015,"80-84","Non-Hispanic White","Yes",">14","20-24","Scattered fibroglandular densities","No","Post-menopausal","25-29.99","No","No",13
898,2014,"45-49","Non-Hispanic Black","No",">14","<20","Extremely dense","No","Surgical Menopause","30-34.99","Yes","No",1
4319,2016,"50-54","Non-Hispanic White","No",">14","20-24","Heterogeneously dense","No","Surgical Menopause","30-34.99","No","No",7
3824,2015,"70-74","Non-Hispanic White","No","12-13","<20","Extremely dense","No","Post-menopausal","30-34.99","No","No",1
523,2014,"50-54","Native American","No","12-13","25-29","Extremely dense","No","Post-menopausal","10-24.99","No","No",1
691,2015,">85","Non-Hispanic White","No",">14","25-29","Extremely dense","No","Post-menopausal","10-24.99","No","No",1
4614,2017,"70-74","Hispanic","No",">14","<20","Scattered fibroglandular densities","No","Post-menopausal","35+","Yes","No",4
4652,2013,"65-69","Non-Hispanic White","Yes","12-13",">30","Heterogeneously dense","No","Post-menopausal","35+","Yes","No",1
835,2014,"60-64","Hispanic","No","12-13",">30","Extremely dense","No","Post-menopausal","25-29.99","No","No",3
1391,2015,"70-74","Non-Hispanic White","No",">14","20-24","Scattered fibroglandular densities","No","Post-menopausal","10-24.99","Yes","No",22
3041,2016,"60-64","Non-Hispanic Black","Yes",">14","20-24","Scattered fibroglandular densities","No","Post-menopausal","10-24.99","No","No",2
3662,2014,"60-64","Hispanic","No","<12",">30","Scattered fibroglandular densities","No","Post-menopausal","30-34.99","Yes","No",1
3660,2017,"55-59","Non-Hispanic White","No","<12","20-24","Heterogeneously dense","No","Post-menopausal","35+","Yes","No",3
4714,2014,"40-44","Non-Hispanic Black","No","<12","20-24","Extremely dense","No","Surgical Menopause","10-24.99","No","No",1
4640,2014,"70-74","Non-Hispanic White","Yes","<12","20-24","Scattered fibroglandular densities","No","Post-menopausal","35+","Yes","Yes",4
1404,2017,"50-54","Non-Hispanic Black","No","12-13","25-29","Heterogeneously dense","No","Surgical Menopause","25-29.99","No","No",3
1035,2017,"40-44","Hispanic","Yes",">14","20-24","Heterogeneously dense","No","Pre- or Peri-menopausal","30-34.99","Yes","No",1
4532,2015,"55-59","Non-Hispanic White","No",">14","<20","Scattered fibroglandular densities","No","Surgical Menopause","35+","No","No",4
460,2015,"55-59","Non-Hispanic White","No","<12","20-24","Scattered fibroglandular densities","No","Surgical Menopause","25-29.99","No","No",12
1292,2017,"45-49","Hispanic","No","<12",">30","Extremely dense","No","Pre- or Peri-menopausal","10-24.99","Yes","No",1
4661,2013,"55-59","Hispanic","No","12-13","25-29","Heterogeneously dense","No","Post-menopausal","25-29.99","Yes","No",2
1771,2013,"60-64","Other/Mixed","Yes",">14","Nulliparous","Scattered fibroglandular densities","No","Post-menopausal","25-29.99","No","No",1
945,2016,"50-54","Non-Hispanic White","No","12-13",">30","Extremely dense","No","Post-menopausal","10-24.99","Yes","No",11
2457,2017,"65-69","Asian/Pacific Islander","No","12-13","25-29","Heterogeneously dense","No","Post-menopausal","25-29.99","Yes","Yes",1
1516,2016,"45-49","Hispanic","No","<12","<20","Heterogeneously dense","No","Pre- or Peri-menopausal","30-34.99","Yes","No",2
2412,2016,"60-64","Non-Hispanic White","Yes","12-13","25-29","Scattered fibroglandular densities","No","Post-menopausal","35+","No","No",17
3509,2015,">85","Non-Hispanic White","No","12-13","25-29","Scattered fibroglandular densities","No","Post-menopausal","25-29.99","Yes","Yes",8
1410,2013,"55-59","Asian/Pacific Islander","No","12-13","Nulliparous","Scattered fibroglandular densities","No","Post-menopausal","35+","No","No",3
2144,2013,"70-74","Non-Hispanic White","No","<12","20-24","Almost entirely fat","No","Post-menopausal","25-29.99","Yes","No",2
1552,2014,"65-69","Hispanic","No",">14","<20","Scattered fibroglandular densities","No","Post-menopausal","25-29.99","No","No",16
531,2017,"50-54","Non-Hispanic Black","No",">14","<20","Extremely dense","No","Surgical Menopause","10-24.99","No","No",1
2609,2013,"65-69","Non-Hispanic White","Yes","12-13",">30","Scattered fibroglandular densities","No","Post-menopausal","25-29.99","Yes","No",8
1556,2013,"55-59","Hispanic","No",">14",">30","Heterogeneously dense","No","Pre- or Peri-menopausal","10-24.99","Yes","No",1
4176,2017,"65-69","Non-Hispanic Black","No","12-13","20-24","Almost entirely fat","No","Post-menopausal","35+","No","No",21
568,2014,"80-84","Non-Hispanic White","No","<12","Nulliparous","Scattered fibroglandular densities","No","Post-menopausal","30-34.99","No","No",2
375,2014,"55-59","Other/Mixed","No","<12",">30","Scattered fibroglandular densities","No","Post-menopausal","10-24.99","No","No",4
65,2016,"75-79","Non-Hispanic White","Yes","12-13","25-29","Almost entirely fat","No","Post-menopausal","35+","No","No",1
2276,2013,">85","Hispanic","No","<12","<20","Scattered fibroglandular densities","No","Post-menopausal","25-29.99","No","No",1
275,2016,"75-79","Non-Hispanic Black","No","12-13","25-29","Heterogeneously dense","No","Post-menopausal","35+","Yes","No",2
4916,2013,"55-59","Non-Hispanic Black","No","12-13","<20","Almost entirely fat","No","Post-menopausal","25-29.99","Yes","No",1
1999,2016,"40-44","Asian/Pacific Islander","No","12-13","20-24","Heterogeneously dense","No","Pre- or Peri-menopausal","25-29.99","No","No",19
2155,2016,"45-49","Non-Hispanic Black","Yes",">14","20-24","Heterogeneously dense","No","Pre- or Peri-menopausal","35+","Yes","No",1
161,2014,"50-54","Non-Hispanic White","No",">14","Nulliparous","Extremely dense","Yes","Post-menopausal","10-24.99","No","No",4
536,2014,"55-59","Non-Hispanic Black","Yes","12-13","25-29","Heterogeneously dense","No","Post-menopausal","10-24.99","Yes","No",1
3983,2015,"75-79","Non-Hispanic Black","No",">14","<20","Scattered fibroglandular densities","No","Post-menopausal","30-34.99","Yes","No",4
3058,2014,"55-59","Non-Hispanic White","No","<12",">30","Heterogeneously dense","No","Post-menopausal","10-24.99","Yes","Yes",2
1394,2015,"18-29","Non-Hispanic White","Yes","<12","25-29","Extremely dense","No","Pre- or Peri-menopausal","25-29.99","No","No",1
4936,2016,"40-44","Other/Mixed","Yes","<12",">30","Heterogeneously dense","No","Pre- or Peri-menopausal","25-29.99","No","No",2
2399,2015,"40-44","Hispanic","No","<12","20-24","Extremely dense","No","Pre- or Peri-menopausal","10-24.99","No","No",3
3132,2014,"80-84","Non-Hispanic White","No","12-13",">30","Scattered fibroglandular densities","No","Post-menopausal","25-29.99","Yes","No",6
1444,2015,"60-64","Non-Hispanic White","Yes","12-13","Nulliparous","Scattered fibroglandular densities","No","Post-menopausal","10-24.99","Yes","Yes",5
358,2017,"55-59","Non-Hispanic Black","No",">14","Nulliparous","Heterogeneously dense","No","Surgical Menopause","30-34.99","Yes","No",1
3626,2016,"80-84","Non-Hispanic White","Yes","12-13",">30","Scattered fibroglandular densities","No","Post-menopausal","25-29.99","No","Yes",1
4638,2015,"70-74","Non-Hispanic White","Yes",">14","25-29","Scattered fibroglandular densities","No","Post-menopausal","30-34.99","Yes","No",5
3539,2016,"55-59","Non-Hispanic White","Yes","<12","25-29","Heterogeneously dense","No","Post-menopausal","10-24.99","No","No",8
1757,2017,"55-59","Non-Hispanic White","No",">14","20-24","Heterogeneously dense","No","Surgical Menopause","30-34.99","No","No",2
199,2017,"65-69","Asian/Pacific Islander","No","12-13","25-29","Scattered fibroglandular densities","No","Post-menopausal","10-24.99","Yes","No",4
3744,2014,"70-74","Asian/Pacific Islander","No","<12","20-24","Scattered fibroglandular densities","No","Post-menopausal","10-24.99","No","No",2
3287,2013,"65-69","Asian/Pacific Islander","No","12-13","25-29","Heterogeneously dense","No","Post-menopausal","25-29.99","Yes","No",4
895,2014,"75-79","Hispanic","No","12-13","<20","Scattered fibroglandular densities","No","Post-menopausal","30-34.99","No","No",10
278,2013,"80-84","Non-Hispanic White","Yes","12-13","20-24","Heterogeneously dense","No","Post-menopausal","25-29.99","No","No",10
885,2014,"75-79","Non-Hispanic White","Yes","<12","<20","Scattered fibroglandular densities","No","Post-menopausal","35+","Yes","No",3
651,2016,"75-79","Hispanic","No",">14","<20","Scattered fibroglandular densities","No","Post-menopausal","25-29.99","No","No",4
1379,2014,"65-69","Non-Hispanic Black","Yes",">14","25-29","Heterogeneously dense","No","Post-menopausal","25-29.99","Yes","No",1
4001,2015,"50-54","Hispanic","No","<12","20-24","Extremely dense","No","Surgical Menopause","30-34.99","No","No",1
993,2017,"80-84","Non-Hispanic White","Yes","12-13","<20","Heterogeneously dense","No","Post-menopausal","10-24.99","Yes","No",2
3599,2017,"40-44","Non-Hispanic White","Yes",">14","Nulliparous","Heterogeneously dense","No","Pre- or Peri-menopausal","10-24.99","Yes","No",1
2903,2016,"70-74","Asian/Pacific Islander","No",">14","20-24","Heterogeneously dense","Yes","Post-menopausal","10-24.99","No","No",1
4716,2015,"55-59","Non-Hispanic White","No",">14","25-29","Heterogeneously dense","No","Surgical Menopause","30-34.99","No","No",3
3695,2013,"55-59","Non-Hispanic White","Yes","<12","25-29","Scattered fibroglandular densities","No","Post-menopausal","10-24.99","Yes","No",1
4004,2015,"75-79","Non-Hispanic White","No","12-13","<20","Scattered fibroglandular densities","Yes","Post-menopausal","25-29.99","No","No",1
1671,2017,"55-59","Non-Hispanic Black","No","12-13",">30","Heterogeneously dense","No","Pre- or Peri-menopausal","25-29.99","Yes","No",2
1686,2014,"45-49","Non-Hispanic Black","No","12-13","20-24","Heterogeneously dense","No","Post-menopausal","35+","Yes","No",1
1745,2015,"75-79","Non-Hispanic Black","Yes","12-13","<20","Extremely dense","No","Post-menopausal","10-24.99","Yes","No",1
4646,2015,"70-74","Non-Hispanic Black","No","<12","Nulliparous","Almost entirely fat","No","Post-menopausal","35+","No","No",5
2086,2015,"50-54","Non-Hispanic White","Yes","<12","20-24","Heterogeneously dense","No","Post-menopausal","25-29.99","Yes","No",1
2441,2015,"45-49","Non-Hispanic Black","No","12-13","Nulliparous","Scattered fibroglandular densities","No","Pre- or Peri-menopausal","25-29.99","Yes","No",1
3926,2016,"65-69","Non-Hispanic White","Yes",">14","25-29","Scattered fibroglandular densities","No","Post-menopausal","30-34.99","No","Yes",1
1093,2013,"65-69","Non-Hispanic White","No","<12","<20","Heterogeneously dense","No","Post-menopausal","35+","No","Yes",1
3431,2015,"60-64","Non-Hispanic White","No",">14","20-24","Heterogeneously dense","No","Post-menopausal","10-24.99","No","No",74
2875,2013,"70-74","Hispanic","Yes",">14","20-24","Almost entirely fat","No","Post-menopausal","35+","No","No",1
1494,2016,"60-64","Native American","No","<12","<20","Scattered fibroglandular densities","No","Post-menopausal","30-34.99","Yes","Yes",1
875,2017,"70-74","Non-Hispanic White","No","12-13","<20","Almost entirely fat","No","Post-menopausal","30-34.99","No","No",16
2069,2014,"45-49","Non-Hispanic Black","No","12-13","25-29","Heterogeneously dense","No","Surgical Menopause","30-34.99","Yes","No",1
866,2014,"80-84","Asian/Pacific Islander","Yes",">14",">30","Scattered fibroglandular densities","No","Post-menopausal","25-29.99","No","No",1
4066,2016,"70-74","Non-Hispanic White","No","<12","20-24","Scattered fibroglandular densities","No","Post-menopausal","10-24.99","No","Yes",4
4920,2013,"55-59","Non-Hispanic Black","No",">14","20-24","Heterogeneously dense","No","Post-menopausal","30-34.99","Yes","Yes",2
1222,2017,"40-44","Hispanic","Yes","<12","<20","Heterogeneously dense","No","Pre- or Peri-menopausal","30-34.99","No","No",1
703,2016,">85","Non-Hispanic White","Yes","12-13","<20","Scattered fibroglandular densities","No","Post-menopausal","10-24.99","Yes","Yes",2
405,2014,"55-59","Asian/Pacific Islander","No","12-13","20-24","Scattered fibroglandular densities","No","Surgical Menopause","10-24.99","No","No",1
836,2016,"55-59","Non-Hispanic White","No","12-13","20-24","Almost entirely fat","No","Surgical Menopause","25-29.99","No","No",2
908,2016,"75-79","Non-Hispanic White","No","12-13","25-29","Almost entirely fat","No","Post-menopausal","30-34.99","No","Yes",1
3749,2017,"55-59","Non-Hispanic White","Yes","<12","<20","Heterogeneously dense","No","Post-menopausal","25-29.99","Yes","No",1
2803,2016,"50-54","Hispanic","No","12-13","20-24","Extremely dense","No","Surgical Menopause","25-29.99","No","No",2
3239,2014,"45-49","Asian/Pacific Islander","No","12-13","20-24","Scattered fibroglandular densities","No","Pre- or Peri-menopausal","25-29.99","No","No",3
1587,2016,"50-54","Non-Hispanic White","No",">14","Nulliparous","Extremely dense","No","Post-menopausal","25-29.99","Yes","No",1
2557,2016,"70-74","Non-Hispanic White","Yes","<12","Nulliparous","Scattered fibroglandular densities","No","Post-menopausal","35+","No","No",2
1488,2016,"50-54","Non-Hispanic Black","Yes","<12","Nulliparous","Almost entirely fat","No","Surgical Menopause","30-34.99","No","No",2
2989,2017,"65-69","Non-Hispanic White","Yes",">14","20-24","Scattered fibroglandular densities","No","Post-menopausal","10-24.99","No","No",18
4051,2014,"50-54","Non-Hispanic Black","Yes","<12","Nulliparous","Extremely dense","No","Surgical Menopause","25-29.99","No","No",1
4934,2014,"50-54","Non-Hispanic White","No","12-13","25-29","Extremely dense","No","Surgical Menopause","10-24.99","No","No",10
312,2014,"50-54","Non-Hispanic White","Yes","12-13",">30","Scattered fibroglandular densities","No","Pre- or Peri-menopausal","30-34.99","No","No",11
1675,2013,"55-59","Non-Hispanic Black","No","<12","Nulliparous","Scattered fibroglandular densities","No","Post-menopausal","35+","No","No",12
917,2014,"55-59","Non-Hispanic Black","No","12-13",">30","Heterogeneously dense","No","Post-menopausal","35+","Yes","No",2
1067,2015,"40-44","Hispanic","Yes","<12","20-24","Heterogeneously dense","No","Pre- or Peri-menopausal","35+","No","No",1
1781,2014,"55-59","Asian/Pacific Islander","Yes","12-13","Nulliparous","Heterogeneously dense","No","Post-menopausal","10-24.99","Yes","No",1
2068,2015,"55-59","Non-Hispanic White","Yes","<12","Nulliparous","Scattered fibroglandular densities","No","Pre- or Peri-menopausal","25-29.99","No","No",1
1856,2017,"45-49","Native American","No","12-13","<20","Heterogeneously dense","No","Surgical Menopause","35+","No","No",1
942,2017,"70-74","Non-Hispanic Black","Yes","12-13","Nulliparous","Heterogeneously dense","No","Post-menopausal","10-24.99","No","No",1
4230,2015,"40-44","Non-Hispanic Black","Yes",">14","20-24","Heterogeneously dense","No","Surgical Menopause","25-29.99","No","No",1
2808,2014,"30-34","Non-Hispanic White","No",">14","20-24","Scattered fibroglandular densities","No","Pre- or Peri-menopausal","35+","No","No",1
547,2015,"40-44","Hispanic","No","<12","Nulliparous","Heterogeneously dense","No","Surgical Menopause","25-29.99","No","No",1
152,2013,"55-59","Non-Hispanic White","Yes",">14",">30","Scattered fibroglandular densities","No","Post-menopausal","10-24.99","Yes","No",2
1729,2016,"35-39","Non-Hispanic White","Yes","<12","Nulliparous","Extremely dense","No","Pre- or Peri-menopausal","25-29.99","No","No",3
373,2013,"55-59","Non-Hispanic White","Yes",">14","20-24","Extremely dense","No","Pre- or Peri-menopausal","10-24.99","No","No",2
1010,2016,"80-84","Non-Hispanic White","No","12-13","25-29","Heterogeneously dense","Yes","Post-menopausal","10-24.99","No","No",3
2969,2016,"50-54","Asian/Pacific Islander","No",">14",">30","Heterogeneously dense","No","Surgical Menopause","10-24.99","No","No",3
1255,2014,"50-54","Non-Hispanic White","Yes",">14","25-29","Scattered fibroglandular densities","No","Pre- or Peri-menopausal","30-34.99","Yes","No",2
136,2016,"55-59","Hispanic","Yes","12-13","20-24","Scattered fibroglandular densities","No","Surgical Menopause","25-29.99","No","No",3
183,2015,"35-39","Non-Hispanic White","No",">14",">30","Scattered fibroglandular densities","No","Pre- or Peri-menopausal","10-24.99","No","No",4
1713,2015,"45-49","Other/Mixed","No","12-13",">30","Almost entirely fat","No","Pre- or Peri-menopausal","25-29.99","No","No",1
2287,2016,"60-64","Asian/Pacific Islander","Yes","12-13","25-29","Heterogeneously dense","No","Post-menopausal","30-34.99","No","No",1
1651,2016,"80-84","Non-Hispanic Black","Yes",">14","Nulliparous","Scattered fibroglandular densities","No","Post-menopausal","25-29.99","No","No",1
4668,2017,"75-79","Non-Hispanic White","No","<12","25-29","Heterogeneously dense","No","Post-menopausal","25-29.99","Yes","No",2
1060,2015,"35-39","Asian/Pacific Islander","No","12-13","Nulliparous","Extremely dense","No","Pre- or Peri-menopausal","25-29.99","No","No",3
1665,2016,"40-44","Non-Hispanic White","Yes","12-13","<20","Heterogeneously dense","No","Pre- or Peri-menopausal","10-24.99","No","No",8
973,2015,"50-54","Non-Hispanic Black","Yes","<12","25-29","Heterogeneously dense","No","Post-menopausal","25-29.99","Yes","Yes",1
2479,2014,"55-59","Non-Hispanic White","No","<12",">30","Almost entirely fat","No","Pre- or Peri-menopausal","25-29.99","Yes","No",1
3150,2016,"60-64","Asian/Pacific Islander","No",">14","25-29","Heterogeneously dense","No","Post-menopausal","10-24.99","Yes","No",26
699,2016,"80-84","Non-Hispanic White","No",">14","20-24","Scattered fibroglandular densities","No","Post-menopausal","10-24.99","No","No",32
1604,2014,"45-49","Non-Hispanic Black","Yes",">14","20-24","Scattered fibroglandular densities","No","Pre- or Peri-menopausal","30-34.99","No","No",1
2173,2017,"45-49","Hispanic","Yes",">14","25-29","Heterogeneously dense","No","Pre- or Peri-menopausal","25-29.99","No","No",1
2281,2015,"35-39","Non-Hispanic White","No","<12","25-29","Heterogeneously dense","No","Pre- or Peri-menopausal","35+","No","No",3
580,2013,"75-79","Non-Hispanic Black","Yes","12-13","<20","Scattered fibroglandular densities","No","Post-menopausal","35+","No","No",4
3585,2017,"35-39","Non-Hispanic White","Yes",">14","20-24","Heterogeneously dense","No","Pre- or Peri-menopausal","10-24.99","No","No",3
3730,2017,"35-39","Hispanic","No","<12","<20","Heterogeneously dense","No","Pre- or Peri-menopausal","25-29.99","No","No",5
2857,2017,"50-54","Other/Mixed","Yes","12-13","20-24","Heterogeneously dense","No","Post-menopausal","25-29.99","No","No",1
1839,2014,"55-59","Non-Hispanic Black","Yes","12-13","20-24","Heterogeneously dense","No","Post-menopausal","10-24.99","Yes","No",1
3344,2016,"75-79","Non-Hispanic White","Yes",">14","<20","Almost entirely fat","No","Post-menopausal","10-24.99","Yes","No",1
859,2017,"70-74","Non-Hispanic White","Yes",">14","<20","Heterogeneously dense","No","Post-menopausal","10-24.99","No","No",2
575,2015,"80-84","Non-Hispanic White","Yes",">14","25-29","Almost entirely fat","No","Post-menopausal","35+","Yes","Yes",1
1426,2014,"55-59","Non-Hispanic Black","Yes","12-13","<20","Extremely dense","No","Post-menopausal","10-24.99","No","No",1
3932,2016,"40-44","Non-Hispanic Black","No","12-13","Nulliparous","Scattered fibroglandular densities","No","Pre- or Peri-menopausal","25-29.99","No","No",9
1155,2015,"75-79","Non-Hispanic Black","Yes","12-13","Nulliparous","Heterogeneously dense","No","Post-menopausal","10-24.99","No","No",2
602,2016,"45-49","Asian/Pacific Islander","No","12-13",">30","Scattered fibroglandular densities","No","Pre- or Peri-menopausal","30-34.99","No","No",5
3670,2016,"50-54","Hispanic","No","12-13",">30","Almost entirely fat","No","Pre- or Peri-menopausal","30-34.99","No","No",1
3751,2013,"65-69","Hispanic","No","12-13",">30","Almost entirely fat","No","Post-menopausal","25-29.99","No","No",5
3022,2014,"65-69","Asian/Pacific Islander","Yes","12-13","Nulliparous","Heterogeneously dense","Yes","Post-menopausal","25-29.99","No","No",1
4851,2016,"45-49","Non-Hispanic White","Yes",">14","25-29","Extremely dense","No","Pre- or Peri-menopausal","10-24.99","Yes","No",2
4498,2016,">85","Non-Hispanic White","No","12-13","<20","Scattered fibroglandular densities","No","Post-menopausal","10-24.99","Yes","No",1
3502,2014,"50-54","Hispanic","No","<12",">30","Extremely dense","No","Surgical Menopause","10-24.99","No","No",1
1249,2017,"50-54","Non-Hispanic White","No","12-13","20-24","Heterogeneously dense","No","Surgical Menopause","35+","No","No",3
2619,2017,"75-79","Non-Hispanic Black","Yes","12-13","<20","Scattered fibroglandular densities","No","Post-menopausal","10-24.99","Yes","Yes",1
1876,2015,"65-69","Non-Hispanic Black","No","<12","<20","Scattered fibroglandular densities","No","Post-menopausal","25-29.99","No","Yes",1
1846,2017,"50-54","Non-Hispanic White","Yes","<12","Nulliparous","Heterogeneously dense","No","Pre- or Peri-menopausal","25-29.99","Yes","No",1
469,2016,"75-79","Non-Hispanic Black","Yes","12-13","25-29","Heterogeneously dense","No","Post-menopausal","10-24.99","Yes","No",1
1171,2015,"55-59","Non-Hispanic White","No","<12","25-29","Scattered fibroglandular densities","No","Post-menopausal","30-34.99","Yes","No",7
4542,2014,"40-44","Non-Hispanic Black","No","<12","20-24","Extremely dense","No","Surgical Menopause","35+","No","No",1
3962,2016,"60-64","Non-Hispanic White","No",">14","Nulliparous","Scattered fibroglandular densities","Yes","Post-menopausal","10-24.99","No","No",4
1968,2013,"65-69","Non-Hispanic White","No","<12","Nulliparous","Extremely dense","No","Post-menopausal","25-29.99","No","Yes",1
623,2017,"80-84","Non-Hispanic White","Yes","12-13","Nulliparous","Heterogeneously dense","No","Post-menopausal","10-24.99","Yes","No",1
4345,2014,"50-54","Non-Hispanic White","Yes","12-13",">30","Scattered fibroglandular densities","No","Post-menopausal","35+","Yes","No",3
3323,2017,"55-59","Non-Hispanic Black","No",">14","<20","Scattered fibroglandular densities","No","Post-menopausal","10-24.99","No","No",4
812,2016,"75-79","Non-Hispanic White","Yes",">14","20-24","Scattered fibroglandular densities","No","Post-menopausal","30-34.99","No","No",11
4550,2017,"50-54","Hispanic","No",">14","20-24","Scattered fibroglandular densities","No","Post-menopausal","10-24.99","Yes","No",1
286,2015,"50-54","Non-Hispanic Black","No",">14","20-24","Scattered fibroglandular densities","No","Pre- or Peri-menopausal","25-29.99","Yes","No",2
2633,2016,"60-64","Non-Hispanic Black","Yes",">14","<20","Scattered fibroglandular densities","No","Post-menopausal","25-29.99","Yes","Yes",1
2799,2015,"65-69","Non-Hispanic White","Yes",">14","Nulliparous","Almost entirely fat","No","Post-menopausal","25-29.99","Yes","Yes",1
891,2013,"75-79","Non-Hispanic White","No",">14","20-24","Almost entirely fat","No","Post-menopausal","10-24.99","No","No",10
3516,2017,"65-69","Non-Hispanic White","Yes","12-13","<20","Heterogeneously dense","No","Post-menopausal","35+","Yes","Yes",2
4636,2014,"45-49","Non-Hispanic Black","Yes","12-13","Nulliparous","Heterogeneously dense","No","Pre- or Peri-menopausal","25-29.99","Yes","Yes",1
941,2016,"40-44","Non-Hispanic Black","Yes","12-13","Nulliparous","Extremely dense","No","Pre- or Peri-menopausal","35+","No","No",1
3308,2016,"65-69","Other/Mixed","No","<12","<20","Scattered fibroglandular densities","No","Post-menopausal","25-29.99","No","No",1
1539,2016,"45-49","Non-Hispanic Black","No","12-13","25-29","Extremely dense","No","Pre- or Peri-menopausal","10-24.99","No","No",4
3449,2015,"60-64","Asian/Pacific Islander","No",">14","25-29","Scattered fibroglandular densities","No","Post-menopausal","10-24.99","No","No",116
4710,2016,"45-49","Non-Hispanic White","No","12-13",">30","Heterogeneously dense","No","Pre- or Peri-menopausal","10-24.99","Yes","Yes",3
4030,2016,"45-49","Hispanic","No","<12","<20","Scattered fibroglandular densities","No","Pre- or Peri-menopausal","25-29.99","No","No",5
3842,2016,"35-39","Asian/Pacific Islander","Yes","12-13","25-29","Scattered fibroglandular densities","No","Pre- or Peri-menopausal","25-29.99","No","No",1
4767,2013,">85","Non-Hispanic White","No",">14",">30","Almost entirely fat","No","Post-menopausal","25-29.99","Yes","Yes",2
2591,2015,"50-54","Hispanic","Yes","12-13","20-24","Scattered fibroglandular densities","No","Pre- or Peri-menopausal","30-34.99","Yes","No",1
1294,2015,"80-84","Non-Hispanic White","Yes","<12","20-24","Scattered fibroglandular densities","No","Post-menopausal","35+","No","Yes",1
454,2013,"55-59","Hispanic","No","<12","<20","Scattered fibroglandular densities","No","Surgical Menopause","25-29.99","No","No",3
2760,2016,"40-44","Non-Hispanic White","Yes","<12","Nulliparous","Scattered fibroglandular densities","No","Pre- or Peri-menopausal","10-24.99","No","No",3
4037,2015,"50-54","Non-Hispanic White","Yes","12-13","Nulliparous","Almost entirely fat","No","Pre- or Peri-menopausal","30-34.99","No","No",3
1730,2013,"55-59","Asian/Pacific Islander","No","12-13","25-29","Scattered fibroglandular densities","No","Pre- or Peri-menopausal","25-29.99","No","No",1
3256,2015,"60-64","Non-Hispanic White","No","<12","<20","Heterogeneously dense","No","Post-menopausal","10-24.99","Yes","No",3
2352,2017,"50-54","Non-Hispanic Black","No","<12","<20","Heterogeneously dense","No","Pre- or Peri-menopausal","10-24.99","No","No",2
964,2015,"40-44","Non-Hispanic Black","No",">14",">30","Scattered fibroglandular densities","No","Pre- or Peri-menopausal","35+","No","No",11
4773,2017,"80-84","Non-Hispanic White","No","12-13","Nulliparous","Scattered fibroglandular densities","No","Post-menopausal","10-24.99","Yes","No",4
4778,2015,"35-39","Hispanic","Yes","12-13","<20","Almost entirely fat","No","Pre- or Peri-menopausal","35+","No","No",1
4112,2013,"75-79","Asian/Pacific Islander","Yes",">14",">30","Scattered fibroglandular densities","No","Post-menopausal","10-24.99","Yes","No",1
4586,2015,"50-54","Hispanic","Yes","<12","<20","Scattered fibroglandular densities","No","Surgical Menopause","30-34.99","No","No",1
4892,2014,"60-64","Hispanic","Yes",">14","<20","Heterogeneously dense","No","Post-menopausal","35+","No","No",1
98,2017,"40-44","Non-Hispanic White","No","12-13","<20","Scattered fibroglandular densities","No","Surgical Menopause","25-29.99","No","No",6
2587,2016,"55-59","Asian/Pacific Islander","No","12-13",">30","Heterogeneously dense","No","Surgical Menopause","30-34.99","No","No",2
1617,2016,"65-69","Hispanic","No",">14",">30","Scattered fibroglandular densities","No","Post-menopausal","25-29.99","No","No",6
1873,2017,">85","Non-Hispanic White","No","12-13","25-29","Scattered fibroglandular densities","No","Post-menopausal","10-24.99","Yes","Yes",3
899,2016,"30-34","Hispanic","No","12-13","<20","Heterogeneously dense","No","Pre- or Peri-menopausal","10-24.99","Yes","No",1
1328,2014,"70-74","Non-Hispanic White","No","<12","25-29","Scattered fibroglandular densities","No","Post-menopausal","35+","No","No",13
2576,2015,"50-54","Non-Hispanic Black","Yes",">14","20-24","Scattered fibroglandular densities","No","Pre- or Peri-menopausal","35+","Yes","No",1
1314,2014,"55-59","Non-Hispanic Black","No","12-13",">30","Heterogeneously dense","No","Surgical Menopause","35+","No","No",2
3712,2016,"55-59","Non-Hispanic White","Yes",">14","Nulliparous","Heterogeneously dense","No","Surgical Menopause","25-29.99","Yes","No",1
3781,2015,"70-74","Non-Hispanic White","Yes","<12","Nulliparous","Scattered fibroglandular densities","No","Post-menopausal","10-24.99","No","No",3
2215,2014,"50-54","Non-Hispanic White","Yes",">14","25-29","Extremely dense","No","Pre- or Peri-menopausal","30-34.99","Yes","No",1
1941,2016,">85","Non-Hispanic White","No","12-13","Nulliparous","Scattered fibroglandular densities","No","Post-menopausal","10-24.99","No","No",9
1840,2014,"65-69","Non-Hispanic White","No","<12",">30","Scattered fibroglandular densities","No","Post-menopausal","25-29.99","No","No",38
2918,2013,"75-79","Non-Hispanic Black","No","12-13","20-24","Heterogeneously dense","No","Post-menopausal","10-24.99","Yes","No",6
4337,2014,"50-54","Hispanic","No","12-13",">30","Extremely dense","No","Pre- or Peri-menopausal","10-24.99","No","No",3
3146,2014,"50-54","Non-Hispanic Black","No","12-13",">30","Scattered fibroglandular densities","No","Surgical Menopause","35+","No","No",5
677,2013,"60-64","Non-Hispanic Black","Yes","<12","Nulliparous","Heterogeneously dense","No","Post-menopausal","25-29.99","No","No",3
1668,2013,"65-69","Non-Hispanic White","Yes","12-13","25-29","Scattered fibroglandular densities","No","Post-menopausal","35+","No","No",8
3543,2015,"50-54","Asian/Pacific Islander","No",">14","Nulliparous","Heterogeneously dense","No","Pre- or Peri-menopausal","10-24.99","Yes","No",2
2554,2013,"55-59","Hispanic","Yes","12-13","<20","Heterogeneously dense","No","Post-menopausal","10-24.99","No","No",1
4810,2014,"55-59","Non-Hispanic White","Yes","12-13","20-24","Scattered fibroglandular densities","No","Surgical Menopause","25-29.99","Yes","Yes",1
864,2016,"55-59","Non-Hispanic White","Yes",">14","20-24","Scattered fibroglandular densities","No","Post-menopausal","10-24.99","No","No",17
2217,2016,"70-74","Other/Mixed","No","<12","Nulliparous","Heterogeneously dense","No","Post-menopausal","10-24.99","No","Yes",1
304,2015,"80-84","Non-Hispanic White","Yes","<12","20-24","Scattered fibroglandular densities","No","Post-menopausal","30-34.99","No","No",4
2044,2017,"40-44","Non-Hispanic White","No",">14","Nulliparous","Heterogeneously dense","No","Pre- or Peri-menopausal","35+","Yes","No",1
96,2017,"40-44","Non-Hispanic Black","No","<12","25-29","Heterogeneously dense","No","Pre- or Peri-menopausal","35+","Yes","No",1
2261,2017,"80-84","Non-Hispanic White","Yes",">14","20-24","Heterogeneously dense","No","Post-menopausal","10-24.99","Yes","Yes",1
2715,2017,"55-59","Non-Hispanic White","No",">14","<20","Scattered fibroglandular densities","No","Surgical Menopause","35+","No","No",5
2199,2016,"70-74","Non-Hispanic White","No","12-13","<20","Almost entirely fat","No","Post-menopausal","35+","Yes","Yes",2
430,2017,"60-64","Other/Mixed","Yes","12-13","25-29","Scattered fibroglandular densities","No","Post-menopausal","35+","No","No",1
497,2015,"55-59","Non-Hispanic Black","No","12-13","Nulliparous","Almost entirely fat","No","Pre- or Peri-menopausal","35+","No","No",1
372,2016,"55-59","Hispanic","No",">14","25-29","Scattered fibroglandular densities","No","Pre- or Peri-menopausal","25-29.99","No","No",1
750,2017,"70-74","Non-Hispanic White","No",">14",">30","Heterogeneously dense","No","Post-menopausal","35+","Yes","No",1
200,2016,"60-64","Asian/Pacific Islander","No","12-13","20-24","Heterogeneously dense","No","Post-menopausal","25-29.99","No","No",15
3008,2016,"65-69","Hispanic","Yes",">14","20-24","Scattered fibroglandular densities","No","Post-menopausal","10-24.99","No","Yes",1
56,2017,"55-59","Non-Hispanic Black","No",">14","Nulliparous","Extremely dense","No","Surgical Menopause","30-34.99","Yes","No",1
4748,2016,"45-49","Non-Hispanic Black","No","12-13",">30","Extremely dense","No","Pre- or Peri-menopausal","30-34.99","No","No",1
4257,2017,"65-69","Asian/Pacific Islander","No",">14","20-24","Scattered fibroglandular densities","No","Post-menopausal","10-24.99","Yes","Yes",2
303,2016,"55-59","Hispanic","Yes","12-13","20-24","Scattered fibroglandular densities","No","Pre- or Peri-menopausal","10-24.99","No","No",1
2351,2015,"60-64","Non-Hispanic White","No","12-13","Nulliparous","Heterogeneously dense","No","Post-menopausal","30-34.99","Yes","Yes",7
1058,2016,"60-64","Other/Mixed","No","12-13","25-29","Scattered fibroglandular densities","No","Post-menopausal","25-29.99","No","No",3
2223,2016,"65-69","Non-Hispanic White","No","<12",">30","Almost entirely fat","Yes","Post-menopausal","35+","Yes","Yes",1
2002,2014,"65-69","Non-Hispanic White","No",">14","25-29","Heterogeneously dense","No","Post-menopausal","25-29.99","No","No",33
240,2017,"40-44","Non-Hispanic Black","No","12-13","20-24","Scattered fibroglandular densities","No","Pre- or Peri-menopausal","10-24.99","No","No",4
41,2013,"65-69","Non-Hispanic White","No","<12",">30","Almost entirely fat","No","Post-menopausal","10-24.99","Yes","No",1
418,2016,"75-79","Non-Hispanic Black","No",">14","20-24","Scattered fibroglandular densities","No","Post-menopausal","10-24.99","No","Yes",2
131,2015,"65-69","Non-Hispanic White","No","12-13","Nulliparous","Extremely dense","Yes","Post-menopausal","25-29.99","No","No",1
4111,2015,"70-74","Non-Hispanic White","Yes","<12","20-24","Extremely dense","No","Post-menopausal","10-24.99","No","No",1
705,2017,"45-49","Native American","No","12-13","20-24","Heterogeneously dense","No","Pre- or Peri-menopausal","30-34.99","Yes","No",1
2247,2014,"40-44","Non-Hispanic Black","No","12-13","Nulliparous","Heterogeneously dense","No","Surgical Menopause","25-29.99","Yes","No",1
3532,2013,"60-64","Non-Hispanic White","No",">14","<20","Heterogeneously dense","Yes","Post-menopausal","25-29.99","Yes","Yes",1
1940,2013,"70-74","Non-Hispanic White","Yes",">14","20-24","Heterogeneously dense","No","Post-menopausal","35+","Yes","No",1
4974,2017,">85","Non-Hispanic Black","No","<12","<20","Almost entirely fat","No","Post-menopausal","10-24.99","No","No",1
2984,2014,"60-64","Hispanic","Yes",">14","20-24","Scattered fibroglandular densities","No","Post-menopausal","25-29.99","Yes","No",1
777,2016,"65-69","Non-Hispanic White","Yes","<12","<20","Heterogeneously dense","No","Post-menopausal","10-24.99","No","Yes",1
1028,2014,"80-84","Non-Hispanic White","Yes","12-13",">30","Almost entirely fat","No","Post-menopausal","35+","Yes","Yes",1
1628,2015,"55-59","Non-Hispanic White","Yes","<12","20-24","Almost entirely fat","No","Post-menopausal","25-29.99","No","No",1
1221,2013,">85","Non-Hispanic Black","No","12-13","25-29","Extremely dense","No","Post-menopausal","25-29.99","Yes","No",1
1233,2016,"55-59","Asian/Pacific Islander","No",">14",">30","Scattered fibroglandular densities","No","Surgical Menopause","10-24.99","Yes","No",1
3901,2013,"80-84","Non-Hispanic White","Yes","12-13","20-24","Scattered fibroglandular densities","No","Post-menopausal","35+","Yes","No",2
983,2016,"50-54","Non-Hispanic White","No","<12","20-24","Almost entirely fat","No","Surgical Menopause","35+","Yes","No",1
1429,2016,"55-59","Non-Hispanic White","Yes",">14","Nulliparous","Extremely dense","No","Surgical Menopause","10-24.99","No","No",2
1661,2014,"75-79","Non-Hispanic Black","No",">14","20-24","Scattered fibroglandular densities","No","Post-menopausal","25-29.99","Yes","No",10
2689,2015,"55-59","Hispanic","No","12-13",">30","Heterogeneously dense","No","Pre- or Peri-menopausal","25-29.99","No","No",2
4932,2016,"70-74","Non-Hispanic White","Yes",">14","25-29","Scattered fibroglandular densities","No","Post-menopausal","10-24.99","No","No",7
704,2013,"55-59","Non-Hispanic Black","No","12-13","Nulliparous","Extremely dense","No","Pre- or Peri-menopausal","25-29.99","No","No",3
1972,2014,"80-84","Asian/Pacific Islander","No","12-13","20-24","Scattered fibroglandular densities","No","Post-menopausal","10-24.99","Yes","No",2
3624,2013,"55-59","Hispanic","No","12-13","<20","Almost entirely fat","No","Post-menopausal","25-29.99","No","No",3
3095,2013,"75-79","Other/Mixed","No",">14","<20","Heterogeneously dense","No","Post-menopausal","10-24.99","Yes","No",1
581,2017,"45-49","Asian/Pacific Islander","No","12-13","25-29","Heterogeneously dense","No","Pre- or Peri-menopausal","25-29.99","No","No",21
823,2013,"65-69","Non-Hispanic Black","No",">14","<20","Scattered fibroglandular densities","No","Post-menopausal","35+","Yes","Yes",1
1044,2014,"70-74","Non-Hispanic Black","No","12-13","20-24","Heterogeneously dense","No","Post-menopausal","25-29.99","Yes","No",11
4913,2015,"30-34","Hispanic","No","12-13","Nulliparous","Extremely dense","No","Pre- or Peri-menopausal","10-24.99","No","No",1
1871,2015,"65-69","Non-Hispanic White","No","12-13","20-24","Scattered fibroglandular densities","Yes","Post-menopausal","25-29.99","Yes","No",4
4632,2015,"50-54","Non-Hispanic White","Yes","<12","<20","Scattered fibroglandular densities","No","Post-menopausal","25-29.99","No","No",1
1727,2014,"70-74","Non-Hispanic White","No",">14","25-29","Heterogeneously dense","No","Post-menopausal","10-24.99","Yes","No",15
342,2017,"45-49","Asian/Pacific Islander","Yes",">14","Nulliparous","Heterogeneously dense","No","Pre- or Peri-menopausal","10-24.99","No","No",2
2765,2014,"70-74","Asian/Pacific Islander","No","12-13","25-29","Scattered fibroglandular densities","No","Post-menopausal","30-34.99","No","No",2
2128,2017,"55-59","Hispanic","No",">14","20-24","Heterogeneously dense","No","Pre- or Peri-menopausal","25-29.99","Yes","No",1
3478,2015,"55-59","Non-Hispanic White","Yes","12-13","Nulliparous","Scattered fibroglandular densities","No","Pre- or Peri-menopausal","25-29.99","Yes","No",1
1877,2015,"45-49","Non-Hispanic White","No","<12","Nulliparous","Heterogeneously dense","No","Post-menopausal","30-34.99","No","No",1
1152,2014,"45-49","Hispanic","No","12-13","20-24","Heterogeneously dense","No","Surgical Menopause","30-34.99","No","No",2
2236,2015,"50-54","Non-Hispanic White","Yes","12-13","Nulliparous","Scattered fibroglandular densities","No","Pre- or Peri-menopausal","25-29.99","Yes","Yes",2
954,2016,"55-59","Native American","No","12-13","25-29","Heterogeneously dense","No","Post-menopausal","30-34.99","No","No",1
3210,2016,"50-54","Non-Hispanic Black","No","12-13","20-24","Heterogeneously dense","No","Surgical Menopause","35+","Yes","No",1
2150,2016,"55-59","Non-Hispanic Black","Yes","12-13","<20","Scattered fibroglandular densities","No","Post-menopausal","25-29.99","No","No",6
102,2014,"45-49","Hispanic","No",">14","20-24","Heterogeneously dense","No","Pre- or Peri-menopausal","10-24.99","Yes","No",8
2368,2016,"70-74","Non-Hispanic Black","No","12-13","20-24","Heterogeneously dense","No","Post-menopausal","35+","Yes","Yes",2
4578,2014,"60-64","Asian/Pacific Islander","Yes",">14",">30","Scattered fibroglandular densities","No","Post-menopausal","35+","Yes","No",1
167,2014,"55-59","Non-Hispanic White","No","<12","20-24","Heterogeneously dense","No","Surgical Menopause","10-24.99","Yes","No",2
3450,2016,"55-59","Non-Hispanic Black","No","12-13","<20","Heterogeneously dense","No","Surgical Menopause","10-24.99","Yes","No",2
377,2014,"50-54","Non-Hispanic White","Yes","12-13","20-24","Scattered fibroglandular densities","No","Pre- or Peri-menopausal","30-34.99","Yes","No",2
3584,2016,"65-69","Other/Mixed","No","12-13","20-24","Almost entirely fat","No","Post-menopausal","10-24.99","No","No",1
4599,2016,"80-84","Non-Hispanic Black","No","12-13","20-24","Almost entirely fat","No","Post-menopausal","25-29.99","No","No",1
4895,2015,">85","Non-Hispanic White","No",">14","25-29","Heterogeneously dense","No","Post-menopausal","30-34.99","Yes","No",1
1588,2014,"55-59","Other/Mixed","No",">14",">30","Scattered fibroglandular densities","No","Post-menopausal","25-29.99","No","No",1
2167,2017,"50-54","Non-Hispanic White","No",">14","20-24","Heterogeneously dense","No","Surgical Menopause","10-24.99","No","Yes",1
528,2014,"70-74","Non-Hispanic Black","Yes","12-13","Nulliparous","Heterogeneously dense","No","Post-menopausal","25-29.99","Yes","Yes",2
292,2017,"70-74","Asian/Pacific Islander","No","<12","25-29","Scattered fibroglandular densities","No","Post-menopausal","25-29.99","Yes","No",2
1275,2015,"50-54","Non-Hispanic Black","Yes","<12","20-24","Scattered fibroglandular densities","No","Post-menopausal","35+","No","No",1
1749,2014,"55-59","Non-Hispanic White","No","12-13",">30","Heterogeneously dense","No","Surgical Menopause","35+","No","No",3
4083,2015,"18-29","Non-Hispanic White","No","12-13","<20","Heterogeneously dense","No","Pre- or Peri-menopausal","10-24.99","No","No",1
3363,2016,"50-54","Hispanic","No",">14","20-24","Heterogeneously dense","No","Pre- or Peri-menopausal","10-24.99","Yes","No",5
4294,2015,"55-59","Hispanic","No","<12","25-29","Almost entirely fat","No","Post-menopausal","35+","No","No",5
4656,2016,"40-44","Non-Hispanic White","No","12-13","25-29","Extremely dense","No","Pre- or Peri-menopausal","25-29.99","Yes","No",3
3017,2013,"80-84","Non-Hispanic White","Yes","12-13","20-24","Extremely dense","No","Post-menopausal","25-29.99","Yes","No",2
1619,2014,"50-54","Non-Hispanic Black","No","12-13","20-24","Heterogeneously dense","No","Pre- or Peri-menopausal","30-34.99","Yes","No",3
900,2015,"70-74","Non-Hispanic Black","Yes","<12","20-24","Heterogeneously dense","No","Post-menopausal","35+","No","No",2
2823,2016,"65-69","Non-Hispanic White","No",">14","20-24","Extremely dense","No","Post-menopausal","30-34.99","No","No",1
1662,2015,"65-69","Non-Hispanic White","No","<12",">30","Scattered fibroglandular densities","No","Post-menopausal","35+","No","No",13
296,2016,"70-74","Native American","No","12-13","25-29","Heterogeneously dense","No","Post-menopausal","25-29.99","Yes","No",1
2900,2014,"55-59","Hispanic","No","12-13","25-29","Scattered fibroglandular densities","No","Surgical Menopause","35+","No","No",3
498,2016,"70-74","Non-Hispanic Black","No","<12","20-24","Extremely dense","No","Post-menopausal","10-24.99","No","Yes",1
1788,2014,"60-64","Hispanic","Yes","<12","25-29","Almost entirely fat","No","Post-menopausal","25-29.99","No","No",1
981,2015,"60-64","Non-Hispanic Black","Yes",">14",">30","Scattered fibroglandular densities","No","Post-menopausal","30-34.99","No","No",3
4068,2016,"60-64","Non-Hispanic Black","Yes","12-13",">30","Scattered fibroglandular densities","No","Post-menopausal","35+","No","No",3
11,2017,"75-79","Non-Hispanic White","Yes","12-13","Nulliparous","Scattered fibroglandular densities","No","Post-menopausal","10-24.99","Yes","No",4
1631,2015,"55-59","Hispanic","No","<12","20-24","Scattered fibroglandular densities","No","Post-menopausal","35+","No","Yes",1
3107,2013,"65-69","Non-Hispanic Black","No","<12","20-24","Scattered fibroglandular densities","No","Post-menopausal","25-29.99","Yes","No",4
69,2016,"55-59","Hispanic","No",">14",">30","Heterogeneously dense","No","Post-menopausal","25-29.99","No","No",5
2728,2014,"65-69","Other/Mixed","No","<12","<20","Scattered fibroglandular densities","Yes","Post-menopausal","30-34.99","No","No",1
35,2015,"45-49","Non-Hispanic White","No","12-13",">30","Almost entirely fat","No","Post-menopausal","35+","No","No",1
4465,2014,"55-59","Non-Hispanic Black","Yes","12-13","<20","Scattered fibroglandular densities","No","Surgical Menopause","30-34.99","No","Yes",1
4251,2015,"50-54","Non-Hispanic White","Yes","12-13","<20","Scattered fibroglandular densities","No","Pre- or Peri-menopausal","30-34.99","No","No",4
1862,2015,"75-79","Non-Hispanic White","Yes",">14",">30","Heterogeneously dense","No","Post-menopausal","25-29.99","No","Yes",1
2988,2016,"65-69","Non-Hispanic Black","No","<12",">30","Heterogeneously dense","No","Post-menopausal","10-24.99","No","No",4
1683,2015,"45-49","Non-Hispanic Black","Yes","12-13",">30","Scattered fibroglandular densities","No","Pre- or Peri-menopausal","25-29.99","Yes","No",2
4418,2013,"65-69","Native American","No",">14","25-29","Heterogeneously dense","No","Post-menopausal","10-24.99","No","No",1
3063,2014,"70-74","Other/Mixed","No",">14","20-24","Scattered fibroglandular densities","No","Post-menopausal","10-24.99","Yes","No",1
4704,2014,"45-49","Hispanic","No","<12","<20","Heterogeneously dense","No","Surgical Menopause","25-29.99","No","No",1
2607,2016,"55-59","Non-Hispanic Black","No","<12","20-24","Heterogeneously dense","No","Surgical Menopause","35+","No","No",3
1463,2017,"55-59","Hispanic","No",">14",">30","Heterogeneously dense","No","Post-menopausal","10-24.99","No","No",3
1509,2015,"50-54","Non-Hispanic White","No","<12","<20","Extremely dense","No","Pre- or Peri-menopausal","25-29.99","No","No",1
1236,2014,"50-54","Non-Hispanic White","No","12-13","<20","Scattered fibroglandular densities","No","Surgical Menopause","30-34.99","No","No",11
2413,2017,"60-64","Non-Hispanic White","No","<12","Nulliparous","Almost entirely fat","No","Post-menopausal","30-34.99","No","No",10
1056,2015,"40-44","Non-Hispanic White","No","12-13","25-29","Almost entirely fat","No","Pre- or Peri-menopausal","25-29.99","No","No",7
1804,2014,"65-69","Non-Hispanic White","No","12-13","Nulliparous","Heterogeneously dense","No","Post-menopausal","35+","Yes","No",3
4346,2014,"35-39","Non-Hispanic Black","No","<12","<20","Extremely dense","No","Pre- or Peri-menopausal","10-24.99","Yes","No",1
2049,2015,"55-59","Non-Hispanic White","Yes","<12","20-24","Extremely dense","No","Post-menopausal","10-24.99","Yes","No",1
134,2015,"70-74","Non-Hispanic White","Yes","12-13","20-24","Scattered fibroglandular densities","No","Post-menopausal","10-24.99","No","No",44
2478,2015,"40-44","Non-Hispanic White","No","12-13","25-29","Heterogeneously dense","Yes","Post-menopausal","10-24.99","Yes","No",1
2290,2015,"40-44","Hispanic","No","12-13","20-24","Extremely dense","No","Pre- or Peri-menopausal","25-29.99","Yes","No",3
526,2014,"65-69","Non-Hispanic White","Yes","<12","20-24","Scattered fibroglandular densities","No","Post-menopausal","25-29.99","No","Yes",1
2157,2013,"80-84","Non-Hispanic White","No",">14","25-29","Heterogeneously dense","No","Post-menopausal","35+","No","No",1
150,2017,"55-59","Non-Hispanic White","Yes","12-13","25-29","Heterogeneously dense","No","Post-menopausal","10-24.99","No","No",29
995,2014,"55-59","Non-Hispanic White","Yes","12-13",">30","Almost entirely fat","No","Post-menopausal","25-29.99","Yes","No",1
51,2013,"65-69","Non-Hispanic Black","No","12-13","Nulliparous","Scattered fibroglandular densities","No","Post-menopausal","10-24.99","Yes","No",3
3311,2016,"55-59","Non-Hispanic White","No","12-13","25-29","Heterogeneously dense","No","Surgical Menopause","25-29.99","Yes","Yes",1
4351,2017,"70-74","Non-Hispanic Black","No","12-13","<20","Heterogeneously dense","No","Post-menopausal","35+","Yes","No",4
3464,2015,"45-49","Hispanic","Yes","<12","Nulliparous","Scattered fibroglandular densities","No","Pre- or Peri-menopausal","30-34.99","No","No",1
4581,2017,"65-69","Non-Hispanic White","No","12-13","20-24","Heterogeneously dense","No","Post-menopausal","10-24.99","Yes","Yes",14
881,2014,"60-64","Asian/Pacific Islander","No","<12","Nulliparous","Extremely dense","No","Post-menopausal","10-24.99","Yes","Yes",1
3708,2014,"75-79","Non-Hispanic White","Yes","<12","20-24","Scattered fibroglandular densities","No","Post-menopausal","10-24.99","No","No",12
2955,2014,"65-69","Non-Hispanic White","Yes",">14","25-29","Almost entirely fat","No","Post-menopausal","30-34.99","No","No",2
553,2013,"70-74","Non-Hispanic White","Yes",">14","<20","Heterogeneously dense","No","Post-menopausal","30-34.99","No","No",2
2027,2016,"80-84","Hispanic","No",">14","20-24","Scattered fibroglandular densities","No","Post-menopausal","25-29.99","No","Yes",1
2024,2015,"30-34","Non-Hispanic White","Yes","12-13","20-24","Scattered fibroglandular densities","No","Pre- or Peri-menopausal","25-29.99","Yes","No",1
869,2013,">85","Non-Hispanic White","No",">14",">30","Scattered fibroglandular densities","No","Post-menopausal","30-34.99","No","No",6
3862,2017,"55-59","Native American","Yes","12-13","20-24","Scattered fibroglandular densities","No","Surgical Menopause","35+","No","No",1
1569,2017,"50-54","Non-Hispanic White","No",">14","25-29","Scattered fibroglandular densities","No","Post-menopausal","10-24.99","Yes","No",6
3729,2016,"55-59","Non-Hispanic Black","No","<12","20-24","Heterogeneously dense","No","Post-menopausal","25-29.99","Yes","Yes",1
2009,2016,"18-29","Non-Hispanic White","Yes",">14","Nulliparous","Extremely dense","No","Pre- or Peri-menopausal","10-24.99","No","No",2
935,2017,"55-59","Non-Hispanic White","No","<12","25-29","Almost entirely fat","No","Post-menopausal","25-29.99","Yes","Yes",1
3213,2014,"75-79","Asian/Pacific Islander","No","12-13","25-29","Almost entirely fat","No","Post-menopausal","10-24.99","No","No",1
4835,2017,"45-49","Non-Hispanic White","Yes","12-13","25-29","Scattered fibroglandular densities","No","Pre- or Peri-menopausal","35+","Yes","No",2
3767,2017,"45-49","Hispanic","Yes","<12","20-24","Extremely dense","No","Pre- or Peri-menopausal","25-29.99","Yes","No",1
2797,2017,"50-54","Other/Mixed","Yes","12-13","Nulliparous","Heterogeneously dense","No","Post-menopausal","25-29.99","No","No",1
46,2015,"60-64","Asian/Pacific Islander","No","12-13","Nulliparous","Heterogeneously dense","Yes","Post-menopausal","10-24.99","Yes","No",2
1503,2017,"60-64","Hispanic","Yes","<12","20-24","Scattered fibroglandular densities","No","Post-menopausal","30-34.99","No","No",1
3583,2014,"70-74","Hispanic","No",">14","25-29","Scattered fibroglandular densities","No","Post-menopausal","30-34.99","No","No",3
2645,2017,"75-79","Non-Hispanic White","Yes","12-13","20-24","Almost entirely fat","No","Post-menopausal","30-34.99","No","No",3
1931,2014,"45-49","Hispanic","No","<12","<20","Almost entirely fat","Yes","Post-menopausal","35+","No","No",1
1911,2015,"55-59","Asian/Pacific Islander","Yes","<12","25-29","Heterogeneously dense","No","Surgical Menopause","25-29.99","No","No",1
1349,2015,"50-54","Non-Hispanic Black","No","12-13","<20","Scattered fibroglandular densities","No","Pre- or Peri-menopausal","30-34.99","No","No",33
1935,2014,"75-79","Non-Hispanic Black","No","12-13","<20","Heterogeneously dense","No","Post-menopausal","25-29.99","No","Yes",1
4161,2014,"40-44","Hispanic","No","12-13",">30","Almost entirely fat","No","Pre- or Peri-menopausal","30-34.99","No","No",4
715,2014,"55-59","Non-Hispanic White","No",">14","25-29","Heterogeneously dense","Yes","Post-menopausal","25-29.99","No","No",1
1022,2016,"65-69","Hispanic","No","12-13",">30","Heterogeneously dense","No","Post-menopausal","25-29.99","No","No",4
4681,2017,"40-44","Hispanic","No",">14","20-24","Extremely dense","No","Pre- or Peri-menopausal","35+","No","No",1
2348,2015,"65-69","Non-Hispanic White","Yes","12-13",">30","Almost entirely fat","Yes","Post-menopausal","10-24.99","No","No",1
2103,2014,"75-79","Non-Hispanic White","No",">14","Nulliparous","Almost entirely fat","No","Post-menopausal","10-24.99","No","No",2
4738,2014,"40-44","Native American","No","12-13","<20","Heterogeneously dense","No","Pre- or Peri-menopausal","25-29.99","No","No",3
4760,2017,"50-54","Non-Hispanic Black","Yes","12-13","20-24","Scattered fibroglandular densities","No","Surgical Menopause","30-34.99","Yes","No",3
406,2014,"50-54","Non-Hispanic Black","No",">14","Nulliparous","Scattered fibroglandular densities","No","Post-menopausal","10-24.99","No","No",1
159,2015,"55-59","Non-Hispanic White","Yes","12-13","Nulliparous","Scattered fibroglandular densities","No","Pre- or Peri-menopausal","35+","No","No",1
4442,2016,"40-44","Non-Hispanic White","No",">14",">30","Almost entirely fat","No","Pre- or Peri-menopausal","30-34.99","No","No",4
2389,2016,"30-34","Non-Hispanic White","Yes","<12","20-24","Extremely dense","No","Pre- or Peri-menopausal","25-29.99","No","No",1
1895,2014,"50-54","Non-Hispanic White","No","12-13",">30","Heterogeneously dense","No","Post-menopausal","10-24.99","Yes","No",33
4699,2014,"50-54","Hispanic","No","<12",">30","Scattered fibroglandular densities","No","Post-menopausal","25-29.99","Yes","Yes",1
3161,2016,"45-49","Non-Hispanic Black","Yes","12-13","20-24","Heterogeneously dense","No","Surgical Menopause","30-34.99","Yes","No",1
2537,2017,"80-84","Non-Hispanic White","Yes","<12","20-24","Heterogeneously dense","No","Post-menopausal","25-29.99","Yes","No",1
3453,2017,"75-79","Non-Hispanic Black","Yes","12-13","20-24","Almost entirely fat","No","Post-menopausal","30-34.99","No","No",2
3963,2015,">85","Non-Hispanic White","Yes","12-13","25-29","Scattered fibroglandular densities","No","Post-menopausal","30-34.99","Yes","No",3
1916,2015,"65-69","Non-Hispanic Black","No","<12","20-24","Heterogeneously dense","No","Post-menopausal","30-34.99","Yes","Yes",1
277,2015,"60-64","Non-Hispanic Black","No","12-13","Nulliparous","Heterogeneously dense","No","Post-menopausal","10-24.99","No","No",16
839,2013,"65-69","Non-Hispanic Black","Yes","12-13","<20","Heterogeneously dense","No","Post-menopausal","25-29.99","No","No",3
2724,2016,"70-74","Non-Hispanic Black","No",">14","Nulliparous","Heterogeneously dense","No","Post-menopausal","25-29.99","No","No",2
145,2014,"70-74","Native American","No","12-13","25-29","Heterogeneously dense","No","Post-menopausal","10-24.99","Yes","Yes",1
1786,2017,"65-69","Hispanic","No","12-13","25-29","Scattered fibroglandular densities","No","Post-menopausal","30-34.99","Yes","No",4
33,2017,"65-69","Non-Hispanic Black","Yes","<12","20-24","Scattered fibroglandular densities","No","Post-menopausal","35+","Yes","Yes",2
955,2016,"65-69","Non-Hispanic White","No","12-13","<20","Scattered fibroglandular densities","No","Post-menopausal","35+","Yes","Yes",3
2709,2017,"35-39","Hispanic","No","<12",">30","Extremely dense","No","Pre- or Peri-menopausal","35+","Yes","No",1
4821,2014,"35-39","Non-Hispanic White","No",">14","Nulliparous","Extremely dense","No","Pre- or Peri-menopausal","25-29.99","Yes","No",1
821,2016,"40-44","Native American","No",">14","Nulliparous","Extremely dense","No","Pre- or Peri-menopausal","25-29.99","No","No",1
4339,2014,"40-44","Non-Hispanic White","No","<12","<20","Heterogeneously dense","No","Surgical Menopause","35+","Yes","No",1
2543,2014,"65-69","Hispanic","No","12-13","20-24","Scattered fibroglandular densities","No","Post-menopausal","30-34.99","Yes","No",3
4805,2015,"55-59","Hispanic","No",">14","<20","Scattered fibroglandular densities","No","Pre- or Peri-menopausal","10-24.99","No","No",1
3734,2013,"60-64","Non-Hispanic White","No","<12","Nulliparous","Scattered fibroglandular densities","No","Post-menopausal","10-24.99","No","Yes",1
3142,2016,"50-54","Non-Hispanic White","Yes","12-13","25-29","Heterogeneously dense","No","Pre- or Peri-menopausal","10-24.99","Yes","No",20
1326,2013,"75-79","Non-Hispanic Black","Yes","12-13","<20","Almost entirely fat","No","Post-menopausal","35+","No","No",2
2667,2014,"70-74","Non-Hispanic Black","No","<12","<20","Almost entirely fat","No","Post-menopausal","35+","Yes","Yes",1
501,2017,"35-39","Non-Hispanic Black","No",">14","20-24","Scattered fibroglandular densities","No","Pre- or Peri-menopausal","25-29.99","Yes","No",1
3590,2014,"80-84","Non-Hispanic White","No",">14","Nulliparous","Almost entirely fat","No","Post-menopausal","10-24.99","No","Yes",1
100,2013,"55-59","Hispanic","No","<12","Nulliparous","Scattered fibroglandular densities","No","Post-menopausal","10-24.99","No","No",2
1491,2013,"55-59","Non-Hispanic White","Yes","12-13","25-29","Heterogeneously dense","No","Surgical Menopause","25-29.99","Yes","No",1
4268,2013,"60-64","Non-Hispanic White","No","<12","<20","Scattered fibroglandular densities","Yes","Post-menopausal","10-24.99","No","No",1
2252,2014,"65-69","Hispanic","No",">14","25-29","Scattered fibroglandular densities","No","Post-menopausal","35+","Yes","No",4
3275,2017,"50-54","Non-Hispanic White","No","12-13","25-29","Heterogeneously dense","No","Pre- or Peri-menopausal","30-34.99","No","No",33
1923,2013,"65-69","Non-Hispanic Black","Yes","<12","<20","Heterogeneously dense","No","Post-menopausal","30-34.99","No","No",1
4637,2014,"65-69","Non-Hispanic White","Yes","12-13","20-24","Almost entirely fat","No","Post-menopausal","30-34.99","No","No",6
1988,2015,"45-49","Hispanic","No","<12","20-24","Almost entirely fat","No","Pre- or Peri-menopausal","30-34.99","No","No",2
2722,2016,"70-74","Non-Hispanic White","No",">14","<20","Almost entirely fat","No","Post-menopausal","25-29.99","No","No",6
2445,2015,"65-69","Native American","No","12-13","25-29","Scattered fibroglandular densities","No","Post-menopausal","10-24.99","Yes","No",1
3572,2017,"70-74","Non-Hispanic White","No","<12","<20","Scattered fibroglandular densities","No","Post-menopausal","35+","Yes","No",3
2843,2017,"60-64","Non-Hispanic White","No","<12","20-24","Heterogeneously dense","No","Post-menopausal","25-29.99","Yes","No",9
4159,2014,">85","Asian/Pacific Islander","No","12-13","20-24","Heterogeneously dense","No","Post-menopausal","10-24.99","No","Yes",1
332,2016,"60-64","Native American","No",">14",">30","Heterogeneously dense","No","Post-menopausal","25-29.99","Yes","No",1
2337,2014,"75-79","Non-Hispanic White","Yes","12-13","Nulliparous","Heterogeneously dense","No","Post-menopausal","10-24.99","No","No",9
4041,2017,"50-54","Asian/Pacific Islander","No",">14",">30","Heterogeneously dense","No","Post-menopausal","10-24.99","Yes","Yes",4
488,2017,"75-79","Hispanic","No","12-13","20-24","Almost entirely fat","No","Post-menopausal","25-29.99","No","No",1
4671,2014,"50-54","Non-Hispanic White","Yes",">14","20-24","Heterogeneously dense","No","Surgical Menopause","30-34.99","Yes","Yes",1
3020,2014,"45-49","Hispanic","No","12-13","<20","Extremely dense","No","Pre- or Peri-menopausal","10-24.99","Yes","No",3
4786,2017,"55-59","Other/Mixed","No","12-13",">30","Heterogeneously dense","No","Surgical Menopause","10-24.99","No","No",1
274,2014,"40-44","Non-Hispanic Black","No",">14","25-29","Heterogeneously dense","No","Pre- or Peri-menopausal","25-29.99","Yes","No",1
2394,2014,"40-44","Non-Hispanic Black","Yes","12-13","20-24","Extremely dense","No","Pre- or Peri-menopausal","10-24.99","No","No",1
3232,2013,"65-69","Other/Mixed","No","12-13","Nulliparous","Scattered fibroglandular densities","No","Post-menopausal","35+","Yes","Yes",1
3298,2016,"55-59","Non-Hispanic White","No","<12","20-24","Heterogeneously dense","No","Surgical Menopause","30-34.99","No","No",4
3116,2014,"65-69","Non-Hispanic Black","No",">14","20-24","Scattered fibroglandular densities","No","Post-menopausal","30-34.99","Yes","Yes",3
760,2016,"60-64","Asian/Pacific Islander","Yes","12-13","Nulliparous","Extremely dense","No","Post-menopausal","10-24.99","Yes","Yes",1
3057,2015,"60-64","Non-Hispanic Black","No",">14","25-29","Almost entirely fat","No","Post-menopausal","10-24.99","No","No",1
3705,2017,"75-79","Non-Hispanic Black","No","12-13",">30","Heterogeneously dense","No","Post-menopausal","25-29.99","No","No",1
220,2017,"60-64","Asian/Pacific Islander","Yes","12-13",">30","Scattered fibroglandular densities","No","Post-menopausal","10-24.99","No","No",3
1201,2014,"40-44","Asian/Pacific Islander","Yes","12-13",">30","Extremely dense","No","Pre- or Peri-menopausal","10-24.99","Yes","No",1
2746,2017,"55-59","Non-Hispanic Black","Yes","12-13","25-29","Extremely dense","No","Post-menopausal","25-29.99","No","No",1
4604,2016,"55-59","Non-Hispanic White","No","12-13","Nulliparous","Heterogeneously dense","No","Post-menopausal","10-24.99","No","Yes",5
4334,2015,"35-39","Hispanic","No",">14","25-29","Heterogeneously dense","No","Surgical Menopause","10-24.99","No","No",1
1192,2014,"50-54","Hispanic","Yes","<12","20-24","Scattered fibroglandular densities","No","Post-menopausal","10-24.99","No","No",1
3124,2017,"65-69","Non-Hispanic White","No",">14","<20","Heterogeneously dense","No","Post-menopausal","10-24.99","Yes","No",6
570,2015,"75-79","Non-Hispanic White","No","12-13","20-24","Almost entirely fat","No","Post-menopausal","30-34.99","Yes","No",9
4171,2014,"70-74","Non-Hispanic White","Yes",">14","<20","Extremely dense","No","Post-menopausal","10-24.99","Yes","Yes",1
3654,2016,"60-64","Non-Hispanic White","Yes",">14","20-24","Heterogeneously dense","No","Post-menopausal","25-29.99","No","Yes",1
865,2017,"55-59","Non-Hispanic Black","No",">14","25-29","Scattered fibroglandular densities","No","Post-menopausal","30-34.99","Yes","Yes",1
289,2017,"55-59","Non-Hispanic White","No",">14",">30","Extremely dense","Yes","Post-menopausal","10-24.99","Yes","No",3
3739,2013,"75-79","Non-Hispanic White","No",">14","25-29","Heterogeneously dense","No","Post-menopausal","25-29.99","Yes","Yes",2
1148,2013,"65-69","Non-Hispanic White","No","<12","25-29","Heterogeneously dense","No","Post-menopausal","10-24.99","Yes","No",11
4150,2013,"75-79","Non-Hispanic White","No","12-13",">30","Almost entirely fat","No","Post-menopausal","30-34.99","No","Yes",1
2655,2014,"65-69","Non-Hispanic White","Yes","12-13","Nulliparous","Heterogeneously dense","No","Post-menopausal","30-34.99","No","No",8
4179,2017,"50-54","Non-Hispanic White","No","<12","<20","Scattered fibroglandular densities","No","Post-menopausal","10-24.99","No","No",3
573,2013,"55-59","Non-Hispanic White","Yes","12-13","20-24","Scattered fibroglandular densities","No","Post-menopausal","25-29.99","No","Yes",2
3900,2015,"75-79","Hispanic","No","12-13","20-24","Almost entirely fat","No","Post-menopausal","35+","No","No",2
2296,2016,"45-49","Hispanic","No","<12","25-29","Extremely dense","No","Pre- or Peri-menopausal","30-34.99","No","No",1
3902,2017,"60-64","Hispanic","No","<12","Nulliparous","Heterogeneously dense","No","Post-menopausal","10-24.99","No","No",1
4434,2015,"75-79","Non-Hispanic White","No","12-13","Nulliparous","Heterogeneously dense","Yes","Post-menopausal","30-34.99","No","No",1
3077,2017,"55-59","Non-Hispanic White","No","12-13","25-29","Extremely dense","No","Surgical Menopause","25-29.99","No","No",1
3894,2017,"35-39","Non-Hispanic White","No","12-13",">30","Extremely dense","No","Pre- or Peri-menopausal","10-24.99","No","No",46
267,2013,"75-79","Non-Hispanic White","Yes","12-13","25-29","Scattered fibroglandular densities","No","Post-menopausal","10-24.99","Yes","Yes",4
4557,2014,"35-39","Non-Hispanic Black","No","12-13","20-24","Heterogeneously dense","No","Post-menopausal","30-34.99","No","No",1
2145,2017,"75-79","Non-Hispanic White","No","12-13",">30","Scattered fibroglandular densities","No","Post-menopausal","25-29.99","No","No",16
2785,2017,"70-74","Non-Hispanic Black","Yes","12-13","20-24","Scattered fibroglandular densities","No","Post-menopausal","10-24.99","No","No",5
569,2015,"40-44","Non-Hispanic White","No","12-13","Nulliparous","Scattered fibroglandular densities","No","Pre- or Peri-menopausal","35+","Yes","Yes",2
961,2017,"50-54","Non-Hispanic White","Yes","12-13","Nulliparous","Scattered fibroglandular densities","No","Post-menopausal","10-24.99","Yes","Yes",1
4959,2014,"55-59","Hispanic","Yes","<12","25-29","Scattered fibroglandular densities","No","Surgical Menopause","10-24.99","No","No",1
4492,2017,"45-49","Non-Hispanic White","No","12-13","Nulliparous","Scattered fibroglandular densities","No","Pre- or Peri-menopausal","10-24.99","No","No",23
978,2013,"55-59","Hispanic","No","<12","20-24","Heterogeneously dense","No","Post-menopausal","25-29.99","Yes","No",1
1119,2016,"40-44","Non-Hispanic White","No","12-13","<20","Scattered fibroglandular densities","No","Pre- or Peri-menopausal","35+","No","No",18
3905,2015,"65-69","Non-Hispanic Black","No","<12","<20","Almost entirely fat","No","Post-menopausal","35+","No","Yes",1
2409,2017,"40-44","Non-Hispanic White","No","12-13",">30","Almost entirely fat","No","Pre- or Peri-menopausal","30-34.99","No","No",6
108,2013,"80-84","Non-Hispanic White","No","12-13","<20","Extremely dense","No","Post-menopausal","10-24.99","Yes","Yes",2
4677,2014,"40-44","Non-Hispanic White","Yes","12-13","20-24","Heterogeneously dense","No","Post-menopausal","35+","No","No",1
1109,2013,"75-79","Non-Hispanic White","No",">14","Nulliparous","Heterogeneously dense","No","Post-menopausal","25-29.99","No","Yes",1
1238,2014,"70-74","Asian/Pacific Islander","No","12-13","25-29","Scattered fibroglandular densities","No","Post-menopausal","35+","Yes","Yes",1
1415,2017,"45-49","Non-Hispanic White","No","12-13","20-24","Scattered fibroglandular densities","No","Pre- or Peri-menopausal","30-34.99","Yes","No",3
1100,2016,"60-64","Asian/Pacific Islander","No","12-13","25-29","Scattered fibroglandular densities","No","Post-menopausal","25-29.99","Yes","Yes",2
4737,2015,"40-44","Asian/Pacific Islander","No",">14","<20","Scattered fibroglandular densities","No","Pre- or Peri-menopausal","30-34.99","No","No",1
3721,2015,"50-54","Hispanic","No",">14","20-24","Extremely dense","No","Post-menopausal","30-34.99","Yes","Yes",1
4187,2016,"30-34","Non-Hispanic White","Yes",">14","25-29","Heterogeneously dense","No","Pre- or Peri-menopausal","10-24.99","No","No",4
3407,2017,"75-79","Non-Hispanic White","No",">14","Nulliparous","Scattered fibroglandular densities","No","Post-menopausal","25-29.99","Yes","Yes",1
1375,2016,"70-74","Non-Hispanic White","No","12-13","Nulliparous","Scattered fibroglandular densities","No","Post-menopausal","25-29.99","No","Yes",5
2915,2014,"80-84","Hispanic","No","12-13",">30","Scattered fibroglandular densities","No","Post-menopausal","25-29.99","No","No",2
4848,2017,"35-39","Hispanic","No","12-13","<20","Extremely dense","No","Pre- or Peri-menopausal","35+","No","No",2
3691,2015,"50-54","Non-Hispanic Black","No","12-13","20-24","Scattered fibroglandular densities","No","Surgical Menopause","10-24.99","No","No",2
3352,2014,"50-54","Non-Hispanic Black","Yes",">14",">30","Scattered fibroglandular densities","No","Pre- or Peri-menopausal","10-24.99","No","No",1
4451,2014,"55-59","Hispanic","No",">14",">30","Almost entirely fat","No","Post-menopausal","35+","No","No",1
